operating_day,horizon_min,n,is_disruption_day,mae,p90_abs_err,mae_historical,rolling_window_days,skill_vs_historical,coverage_static,below_static,above_static,width_static,coverage_rolling,below_rolling,above_rolling,width_rolling,coverage_rolling_tails,below_rolling_tails,above_rolling_tails,width_rolling_tails,psi_d0_min,psi_hour,psi_net_cur_n,alerts
2026-07-01,15,14299,True,0.8802764822165405,1.85832777718703,1.0935688975919062,0,0.19504250335305473,0.7709630044059025,0.09874816420728723,0.13028883138681027,2.0445577462514244,0.7709630044059025,0.09874816420728723,0.13028883138681027,2.0445577462514244,0.7709630044059025,0.09874816420728723,0.13028883138681027,2.0445577462514244,0.07533364905520767,0.00030151058863726236,0.003372926215337274,
2026-07-01,30,10565,True,1.1778304865243185,2.509192413489025,1.4258297838775833,0,0.1739333124875705,0.7609086606720303,0.10411736867013724,0.13497397065783245,2.571447829405466,0.7609086606720303,0.10411736867013724,0.13497397065783245,2.571447829405466,0.7609086606720303,0.10411736867013724,0.13497397065783245,2.571447829405466,0.07556581442148258,0.0004474174495880739,0.004623013544112581,
2026-07-01,60,5883,True,1.5962531371333628,3.4218684013684597,1.9072936143690862,0,0.16307949384007792,0.7373788883222846,0.09416964133945266,0.1684514703382628,3.034161400794983,0.7373788883222846,0.09416964133945266,0.1684514703382628,3.034161400794983,0.7373788883222846,0.09416964133945266,0.1684514703382628,3.034161400794983,0.07898423385330494,0.002740491510983147,0.0025625178881039964,
2026-07-02,15,14323,False,0.7517274251859681,1.5443275626500472,0.9624822546487002,1,0.21897009367685039,0.7853103400125672,0.10095650352579767,0.11373315646163513,1.8900422692298886,0.7853103400125672,0.10095650352579767,0.11373315646163513,1.8900422692298886,0.7853103400125672,0.10095650352579767,0.11373315646163513,1.8900422692298886,0.022930642150070825,0.0002505342225310318,0.00369098308329716,
2026-07-02,30,10596,False,0.944256080238181,1.9465101545055703,1.1910665974581605,1,0.2072180663505253,0.7822763306908267,0.10079275198187995,0.11693091732729331,2.3419685910145436,0.7822763306908267,0.10079275198187995,0.11693091732729331,2.3419685910145436,0.7822763306908267,0.10079275198187995,0.11693091732729331,2.3419685910145436,0.02230050748748952,0.0001423747736218915,0.006349347118822309,
2026-07-02,60,5958,False,1.1265055216100324,2.3207199094692874,1.464883350117489,1,0.2309930196696668,0.7853306478684122,0.0909701242027526,0.12369922792883518,2.701519939303398,0.7853306478684122,0.0909701242027526,0.12369922792883518,2.701519939303398,0.7853306478684122,0.0909701242027526,0.12369922792883518,2.701519939303398,0.023400712353146072,0.0007303815766915517,0.002591005878956697,
2026-07-03,15,14591,False,0.6885105646406797,1.4683834314346313,0.8898761793799832,2,0.22628498144495113,0.7829483928449044,0.10204920841614694,0.11500239873894867,1.77776842713356,0.7829483928449044,0.10204920841614694,0.11500239873894867,1.77776842713356,0.7829483928449044,0.10204920841614694,0.11500239873894867,1.77776842713356,0.004339224818991024,0.001329868557483017,0.0029529113562770963,
2026-07-03,30,10797,False,0.8508747203649958,1.7624229888121286,1.0872742428452347,2,0.21742400690153074,0.7843845512642401,0.10419560989163656,0.11141983884412336,2.165842841565609,0.7843845512642401,0.10419560989163656,0.11141983884412336,2.165842841565609,0.7843845512642401,0.10419560989163656,0.11141983884412336,2.165842841565609,0.004150512495612365,0.0018643194405847212,0.005206077758087221,
2026-07-03,60,6093,False,1.0072961957034727,2.138493326505025,1.316189342961869,2,0.23468747024138847,0.785983915969145,0.09174462497948466,0.12227145905137042,2.5072014003992082,0.785983915969145,0.09174462497948466,0.12227145905137042,2.5072014003992082,0.785983915969145,0.09174462497948466,0.12227145905137042,2.5072014003992082,0.008088357784068387,0.004147462996423631,0.0025823181426175294,
2026-07-04,15,14121,False,0.6188926656280799,1.2829637368520102,0.8084737860869153,3,0.23449260040504816,0.787125557680051,0.10112598257913745,0.11174845974081156,1.6340289354324338,0.787125557680051,0.10112598257913745,0.11174845974081156,1.6340289354324338,0.787125557680051,0.10112598257913745,0.11174845974081156,1.6340289354324338,0.0021021945925684847,0.0019704487733544374,0.008739428043457386,
2026-07-04,30,10362,False,0.7617358660129439,1.6077988236490632,0.9775566171266807,3,0.22077570478536168,0.7855626326963907,0.10770121598147075,0.10673615132213858,1.9635329758127527,0.7855626326963907,0.10770121598147075,0.10673615132213858,1.9635329758127527,0.7855626326963907,0.10770121598147075,0.10673615132213858,1.9635329758127527,0.0023892925190995076,0.0022948707524845804,0.013755575369317586,
2026-07-04,60,5670,False,0.9059673886637597,1.9157833810647351,1.1818106995884774,3,0.2334073562041451,0.7869488536155202,0.10211640211640212,0.1109347442680776,2.2696010053157805,0.7869488536155202,0.10211640211640212,0.1109347442680776,2.2696010053157805,0.7869488536155202,0.10211640211640212,0.1109347442680776,2.2696010053157805,0.0012444823074439359,0.004071473896547636,0.03549657428551234,
2026-07-05,15,13902,False,0.6037545579131405,1.2468664614359535,0.8011682971275117,4,0.24640732780137875,0.7877283844051216,0.10473313192346426,0.10753848367141418,1.5886394604807719,0.7877283844051216,0.10473313192346426,0.10753848367141418,1.5886394604807719,0.7877283844051216,0.10473313192346426,0.10753848367141418,1.5886394604807719,0.008688017353138473,0.0008860365192810844,0.013450055712995549,
2026-07-05,30,10170,False,0.7478570206298238,1.5825725640356545,0.977400032776139,4,0.23485062865645412,0.775417895771878,0.11101278269419862,0.11356932153392331,1.882795157531897,0.775417895771878,0.11101278269419862,0.11356932153392331,1.882795157531897,0.775417895771878,0.11101278269419862,0.11356932153392331,1.882795157531897,0.007754833844485333,0.000650884977828476,0.023478585396812933,
2026-07-05,60,5555,False,0.901503788076751,1.853582766850791,1.2264746474647465,4,0.26496337291581595,0.787038703870387,0.09738973897389738,0.11557155715571557,2.198229444026947,0.787038703870387,0.09738973897389738,0.11557155715571557,2.198229444026947,0.787038703870387,0.09738973897389738,0.11557155715571557,2.198229444026947,0.004827876006380891,0.0006309749388419897,0.0584374849674358,
2026-07-06,15,14387,False,0.7139265397600028,1.554441079298655,0.916034151201316,5,0.22063327134284572,0.7747271842635712,0.10773615069159657,0.11753666504483214,1.8425954341888424,0.7747271842635712,0.10773615069159657,0.11753666504483214,1.8425954341888424,0.7747271842635712,0.10773615069159657,0.11753666504483214,1.8425954341888424,0.01133453069215468,0.0001451245455377068,0.003177852706173437,
2026-07-06,30,10650,False,0.8756088174471718,1.915556788047156,1.0986744913928015,5,0.20303163101825272,0.7727699530516432,0.1076056338028169,0.11962441314553991,2.2394578819473585,0.7727699530516432,0.1076056338028169,0.11962441314553991,2.2394578819473585,0.7727699530516432,0.1076056338028169,0.11962441314553991,2.2394578819473585,0.009862479064536262,8.953913826050119e-05,0.004419130015808518,
2026-07-06,60,5999,False,1.0655230405923366,2.352251393000285,1.337196477190643,5,0.20316643158458914,0.7759626604434072,0.09468244707451241,0.12935489248208035,2.5945892795920367,0.7759626604434072,0.09468244707451241,0.12935489248208035,2.5945892795920367,0.7759626604434072,0.09468244707451241,0.12935489248208035,2.5945892795920367,0.013509495336684737,0.000410114844426693,0.0037158480770544187,
2026-07-07,15,14376,False,0.7026439131394254,1.5234457890192667,0.9094068818401039,6,0.2273602419659636,0.7829020589872009,0.10114079020589872,0.11595715080690039,1.832768154889345,0.7829020589872009,0.10114079020589872,0.11595715080690039,1.832768154889345,0.7829020589872009,0.10114079020589872,0.11595715080690039,1.832768154889345,0.006773255942497439,9.372291374578641e-05,0.0032312859608699842,
2026-07-07,30,10633,False,0.8714564919733473,1.8438672002156582,1.1133021411329507,6,0.21723271717908443,0.7793661243299163,0.10279319100912254,0.11784068466096116,2.226739826798439,0.7793661243299163,0.10279319100912254,0.11784068466096116,2.226739826798439,0.7793661243299163,0.10279319100912254,0.11784068466096116,2.226739826798439,0.008391686803200602,7.289151993924639e-05,0.004826381588075084,
2026-07-07,60,5981,False,1.0770273996932125,2.2779904286066692,1.393101766705679,6,0.22688533929570687,0.7829794348771109,0.09279384718274536,0.12422671794014378,2.5954625725746157,0.7829794348771109,0.09279384718274536,0.12422671794014378,2.5954625725746157,0.7829794348771109,0.09279384718274536,0.12422671794014378,2.5954625725746157,0.015769749919875068,0.0003245126474376493,0.003474318687796873,
2026-07-08,15,14468,False,0.7055909305390429,1.5094571872552238,0.8980266795687034,7,0.21428734068578226,0.7731545479679293,0.10982858722698369,0.11701686480508709,1.7950228750705717,0.7911943599668233,0.09635056676803981,0.11245507326513686,1.8613761703173317,0.7914017141277302,0.10678739286701687,0.10181089300525298,1.9064409102002777,0.004178312898290819,0.00016231644033658194,0.004693776699148994,
2026-07-08,30,10721,False,0.8762353079592834,1.8214179674784343,1.1052334981189567,7,0.20719439878488566,0.7683051954108758,0.10829213692752541,0.12340266766159873,2.1844651798407235,0.791717190560582,0.09131610857196157,0.11696670086745639,2.282606770594915,0.7911575412741348,0.10381494263594813,0.10502751608991699,2.35399862130483,0.004599848294643505,0.0001560437566558471,0.005667202157842668,
2026-07-08,60,6052,False,1.0070277509038954,2.1533687686920167,1.297478794888742,7,0.223858027683414,0.7923000660938533,0.08856576338400529,0.11913417052214144,2.5345894515514376,0.8155981493721084,0.07055518836748183,0.11384666226040978,2.6508049167692658,0.8142762723066754,0.09484467944481163,0.0908790482485129,2.857300300647815,0.00912005510158068,0.00045469591122215597,0.004188154030923036,
2026-07-09,15,14353,False,0.8419858570056034,1.7558319600423193,1.0470615899115168,8,0.1958583285661769,0.7609558977217307,0.11454051417822059,0.12450358810004877,1.8823368787765502,0.7803246708005295,0.09893402076220999,0.1207413084372605,1.9510985016822815,0.7773984532850275,0.11203232773636174,0.11056921897861074,1.998747253666321,0.02859634174237788,0.00026682115990673844,0.004196177484595818,
2026-07-09,30,10625,False,1.109961603631633,2.407796625693639,1.3553396078431372,8,0.18104540204649833,0.7474823529411765,0.11651764705882353,0.136,2.3108239571253457,0.7711058823529412,0.09891764705882353,0.1299764705882353,2.414197291930517,0.7707294117647059,0.11049411764705883,0.11877647058823529,2.487974767883619,0.029127626079495598,0.00028774924882906777,0.005460417892805799,mae_jump
2026-07-09,60,5987,False,1.4103711570152306,3.0705327669779474,1.7376454540393074,8,0.1883435405440732,0.7377651578419909,0.10823450810088525,0.15400033405712377,2.663781476020813,0.7561382996492401,0.0937030232169701,0.1501586771337899,2.77024906873703,0.7549690997160514,0.11658593619508936,0.1284449640888592,2.964608410994212,0.04146260845109902,0.0005202847569762113,0.0033678022773427786,mae_jump
2026-07-10,15,14637,False,0.6838229186892409,1.4584072399139403,0.8786232379130514,9,0.2217108662940781,0.7722210835553733,0.11382113821138211,0.11395777823324452,1.7373864927639566,0.7944934071189451,0.09742433558789369,0.10808225729316116,1.815614175796509,0.7963380474140875,0.10869713739154198,0.09496481519437043,1.8673687616984052,0.002987006483291559,0.0013971310052159308,0.003895781963180851,
2026-07-10,30,10861,False,0.8609911600848441,1.8082306106885273,1.098469293803517,9,0.21619005197349694,0.7648466991989687,0.12236442316545437,0.11278887763557684,2.098898473381996,0.7919160298315072,0.1012798084890894,0.10680416167940338,2.2164756854375205,0.7904428689807569,0.11398582082681152,0.09557131019243163,2.2987966905037567,0.0039562730226015376,0.0020095410571997806,0.0062620574352661735,
2026-07-10,60,6151,False,1.0307699288238827,2.1734843231737613,1.3232252208313011,9,0.22101701766513082,0.7665420256868802,0.11168915623475857,0.12176881807836125,2.416944646835327,0.7928792066330678,0.090716956592424,0.1164038367745082,2.555415779352188,0.7888148268574215,0.1170541375386116,0.09413103560396684,2.7776591221491493,0.006358966237496435,0.0037457348038031743,0.0047432289298755155,
2026-07-11,15,14137,False,0.6309404080081754,1.321868509451547,0.8115748272853741,10,0.22257272306165576,0.7631746480865813,0.12774987621136025,0.10907547570205843,1.5849971711635589,0.7882153214967815,0.10985357572327933,0.10193110277993916,1.6664653455217677,0.786305439626512,0.12145433967602745,0.09224022069746056,1.7094057003657026,0.00833180449664785,0.0020218642764653835,0.0054959169122735865,
2026-07-11,30,10365,False,0.772174315550893,1.5921772873401643,0.9705322399099533,10,0.20438056171886065,0.7503135552339605,0.13603473227206947,0.11365171249397009,1.8870376149813333,0.7835986493005306,0.11027496382054992,0.10612638687891944,2.0104992886384334,0.7818620356970574,0.12445730824891461,0.09368065605402798,2.0853830079237623,0.008760693345099262,0.0024368711552813418,0.010764125711904651,
2026-07-11,60,5707,False,0.8815951954550464,1.8419065848986316,1.0997065007885052,10,0.19833592433714808,0.7608200455580866,0.1287892062379534,0.11039074820396005,2.152425551414489,0.7948133870685123,0.10250569476082004,0.1026809181706676,2.2981985807418823,0.7932363763798843,0.13001577010688628,0.07674785351322937,2.509588192900022,0.007818314529598497,0.0031571366378307123,0.029815337514219324,
2026-07-12,15,13866,False,0.6305519689546084,1.3479694147904713,0.8146954180489446,11,0.22602735330871027,0.7598442232799654,0.1284436751766912,0.11171210154334343,1.5693488135933875,0.7874657435453628,0.10889946632049617,0.10363479013414106,1.6540459016958873,0.7866003173229482,0.11957305639694216,0.09382662628010963,1.693325674533844,0.019467815189343478,0.0009120747182820644,0.012556115213989697,
2026-07-12,30,10164,False,0.7795129610700379,1.614707878770618,0.9931949363767545,11,0.21514605791914687,0.7486225895316805,0.13695395513577333,0.11442345533254625,1.868872175614039,0.7831562377016923,0.11127508854781581,0.10556867375049193,1.99747144083182,0.7816804407713499,0.12337662337662338,0.09494293585202676,2.0642496446768446,0.016692287492753477,0.0007121064343731493,0.02177621512377681,
2026-07-12,60,5544,False,0.9504716483058423,1.9421199893951415,1.2023614117364116,11,0.20949588116504692,0.7490981240981242,0.1351010101010101,0.11580086580086581,2.160724249482155,0.7842712842712842,0.11020923520923522,0.10551948051948051,2.3114263733228047,0.7806637806637806,0.13455988455988455,0.08477633477633478,2.4957042490442594,0.011521183483414178,0.0006179855564031525,0.050295159772572276,
2026-07-13,15,14071,True,0.7530636999442349,1.605506424109141,0.9579104778148912,12,0.21384751771160948,0.7786226991685026,0.10233814227844502,0.11903915855305237,1.8571609497070312,0.8025015990334731,0.08528178523203753,0.11221661573448938,1.9445607304573063,0.8011513041006325,0.09487598607064175,0.10397270982872575,1.9839388887087506,0.016346961083827043,0.00023678622801604626,0.006062208832015454,
2026-07-13,30,10205,True,0.935038919365884,2.014830846786499,1.1912257063530949,12,0.21506149978203526,0.7711905928466438,0.10318471337579618,0.12562469377756003,2.257127861181895,0.803625673689368,0.07868691817736403,0.117687408133268,2.3887930750846866,0.8029397354238118,0.09015188633023027,0.10690837824595786,2.4612909853458405,0.016419665177260435,0.0008945548029087007,0.006354307314355874,
2026-07-13,60,5602,True,1.1128660297169766,2.431638408501944,1.4706220992502677,12,0.2432685254190573,0.7711531595858622,0.09603712959657265,0.13280971081756515,2.640463569760322,0.7961442342020707,0.07568725455194573,0.12816851124598358,2.783128434419632,0.7977508032845413,0.09300249910746163,0.10924669760799714,2.952354051110645,0.022232175183457784,0.0019166053411260832,0.0053644059056385885,
2026-07-14,15,14080,True,0.8558348908126711,1.8212237370014193,1.070650449810606,13,0.2006402360695173,0.7715909090909091,0.10276988636363636,0.12563920454545455,1.913590145856142,0.7951704545454545,0.08607954545454545,0.11875,1.9997936536868415,0.7955255681818182,0.09438920454545455,0.11008522727272728,2.042444082101186,0.031161852112408583,0.0005909764417750531,0.008051505412956315,
2026-07-14,30,10282,True,1.1434105673670851,2.354834257761638,1.399732542306944,13,0.18312210882616642,0.7608441937366272,0.10523244504960125,0.13392336121377163,2.3276776924729345,0.7882707644427154,0.0848084030344291,0.12692083252285546,2.4586190278331443,0.7865201322699864,0.09502042404201518,0.11845944368799845,2.537146539489428,0.026884515808660525,0.000879664058160764,0.007507585675382468,mae_jump
2026-07-14,60,5664,True,1.4153765795102735,2.9038926649093626,1.7250868055555555,13,0.17953312554932066,0.7561793785310734,0.08986581920903955,0.153954802259887,2.7074045807123186,0.7840748587570622,0.07097457627118645,0.1449505649717514,2.8568524221579237,0.7907838983050848,0.08668785310734463,0.12252824858757062,3.032376370703181,0.02901817413940057,0.001956631672476882,0.006337290711179944,mae_jump
2026-07-15,15,14239,False,0.7103838817749303,1.5539376175403596,0.9105642952454527,14,0.21984215119763895,0.7839735936512395,0.09171992415197697,0.12430648219678349,1.7989755511283871,0.8062363930051267,0.07669077884682914,0.11707282814804411,1.8877905646959938,0.8084837418358031,0.08518856661282394,0.10632769155137299,1.9337200154860814,0.0050193526064867214,0.00015452036834656338,0.006847330171781646,
2026-07-15,30,10409,False,0.8515664785962409,1.8275666360060385,1.093592884362891,14,0.22131307658210553,0.7857623210683062,0.09338072821596695,0.12085695071572677,2.1782663563887277,0.8152560284369296,0.0709962532423864,0.11374771832068402,2.317057685057322,0.8174656547218753,0.08194831395907388,0.10058603131905082,2.3938631574312845,0.005083182176064813,0.0001947640463908763,0.007807167711051304,
2026-07-15,60,5789,False,0.9582147639169069,2.1627344036102283,1.2564231012840446,14,0.23734706649565218,0.8006564173432372,0.08308861634133702,0.11625496631542581,2.5147307753562926,0.8314043876317153,0.060286750734150976,0.1083088616341337,2.6713827292124432,0.8282950423216445,0.08205216790464674,0.08965278977370876,2.859747922420502,0.011635628066812021,0.00048771768400976797,0.007772868618740155,
2026-07-16,15,14032,True,0.8358053907067396,1.7316300112009049,1.0398196978335235,14,0.19620161798420443,0.7732326111744584,0.10105473204104903,0.1257126567844926,1.881173517306646,0.7953962371721779,0.08509122006841505,0.11951254275940706,1.9641753020385904,0.7953962371721779,0.09357183580387685,0.11103192702394526,2.006827934583028,0.03046194839372337,0.00018294643473419183,0.006847313775926273,
2026-07-16,30,10236,True,1.0771000754425706,2.253338881333669,1.3256977009248405,14,0.18752210651707546,0.7681711606096131,0.09896443923407582,0.13286440015631107,2.291906255483627,0.7945486518171161,0.07981633450566628,0.12563501367721766,2.4241053114334745,0.7988472059398203,0.08948808128175069,0.11166471277842907,2.496837749580542,0.025858707180369186,0.00026585656622633993,0.008311617540754762,
2026-07-16,60,5759,True,1.3721271201622498,2.955922114054361,1.6869928228280373,14,0.1866431785631154,0.7530821323146379,0.09810731029692656,0.1488105573884355,2.620540523529052,0.7775655495745789,0.07935405452335476,0.14308039590206634,2.74944157799085,0.7801701684320195,0.09776002778260115,0.1220698037853794,2.9173891524473827,0.02558937663120755,0.0005792499029903126,0.006069150362691632,mae_jump
2026-07-17,15,14454,False,0.6618925033814632,1.4611826721827212,0.8589081453807481,14,0.22937917524574092,0.7871177528711776,0.09540611595406116,0.11747613117476131,1.7331324756145476,0.8103639131036391,0.0790092707900927,0.11062681610626816,1.821444321672122,0.8121627231216272,0.0875882108758821,0.10024906600249066,1.8673742353916167,0.002100584380736347,0.0016602676570613183,0.005726616811702711,
2026-07-17,30,10643,False,0.8049288994698328,1.771015399297079,1.0305545115725514,14,0.21893612571588306,0.7818284318331298,0.10072348022174199,0.11744808794512826,2.0960145394007363,0.8106736822324533,0.07873719815841398,0.11058911960913276,2.229012330373129,0.8109555576435216,0.09048200695292681,0.09856243540355163,2.310094631711642,0.0035797144848640525,0.0024580709646814278,0.009808675236876304,
2026-07-17,60,6025,False,0.9289216466999728,1.9530605125427247,1.2252821576763486,14,0.24187123685731315,0.7920331950207469,0.0954356846473029,0.1125311203319502,2.432385617494583,0.8162655601659751,0.07684647302904564,0.10688796680497925,2.565957669417063,0.8179253112033195,0.09410788381742738,0.08796680497925312,2.7375290264685948,0.011215179411391668,0.005267691906754538,0.008032004481363196,
2026-07-18,15,14254,False,0.616929118041768,1.325962196191152,0.79198529067864,14,0.22103462614421676,0.787849024835134,0.09190402693980637,0.12024694822505963,1.5973688910404842,0.8118422898835415,0.07583836116177915,0.11231934895467939,1.6831092306257536,0.8144380524764978,0.08481829661849305,0.10074365090500911,1.729522856759528,0.005565813923762892,0.0021417564746399474,0.0056760933336380305,
2026-07-18,30,10509,False,0.7700902392245093,1.6992462698618571,0.9677308338884131,14,0.20423095735181807,0.7768579312969836,0.09487106289846799,0.12827100580454848,1.9182401640961566,0.8080692739556571,0.07355599961937387,0.11837472642496907,2.0564318850636485,0.8141592920353983,0.08516509658388048,0.10067561138072129,2.135754791523019,0.0034865158508884295,0.002517779401402698,0.008638619670718457,
2026-07-18,60,5942,False,0.9158137787713445,2.01647620946169,1.1675754515875687,14,0.21562775448378968,0.792157522719623,0.08751262201279031,0.12032985526758667,2.2301824331283564,0.8180747223157186,0.0698418041063615,0.1120834735779199,2.3684319972991945,0.8236284079434534,0.0865028609895658,0.08986873106698082,2.536938131848971,0.004194868247293251,0.00473982946277023,0.004261553815678089,
2026-07-19,15,13979,False,0.617846225112198,1.314124506314598,0.7977436392684265,14,0.225507801379907,0.7827455468917662,0.09850490020745403,0.11874955290077974,1.577438884973526,0.8064954574719222,0.08162243365047571,0.11188210887760212,1.6657289385795595,0.8108591458616496,0.09120824093282781,0.09793261320552257,1.7157621463139852,0.014490651352859735,0.0007185036326114863,0.00804300912127538,
2026-07-19,30,10278,False,0.7894055153380579,1.7042365046342227,0.9936839203476681,14,0.20557684473563553,0.7700914574820004,0.09846273594084452,0.1314458065771551,1.8760440637667972,0.8030745281183109,0.07618213660245184,0.12074333527923721,2.016595506668091,0.8087176493481222,0.08746837906207433,0.10381397158980346,2.098656691610813,0.009503734018318853,0.0006191631803981378,0.01080120658741042,
2026-07-19,60,5794,False,0.9620562785196585,2.0368522619207696,1.2191563111264525,14,0.21088356780866246,0.762167759751467,0.10027614773904038,0.13755609250949258,2.184318153063457,0.7916810493614084,0.07766655160510873,0.1306523990334829,2.3226121008396143,0.7946151190887124,0.09993096306523991,0.10545391784604763,2.496587574481964,0.004219442985319176,0.0004407563772229066,0.013210535139080253,
2026-07-20,15,14044,False,0.6875586831722476,1.4526082261403401,0.878127670179436,14,0.21701740359490973,0.7824693819424665,0.10239248077470806,0.1151381372828254,1.7799379189809166,0.8073910566790088,0.08444887496439761,0.10816006835659356,1.8682657251755397,0.8058245514098548,0.09705212190259185,0.0971233266875534,1.9221165666977564,0.0008692050592456054,0.00014462059787645565,0.005677302271670882,
2026-07-20,30,10258,False,0.8530365511766554,1.7958451742430528,1.0787328589068694,14,0.20922354025529788,0.7754922986937025,0.10742834860596608,0.11707935270033144,2.139360270400842,0.8078572821212712,0.08520179372197309,0.1069409241567557,2.283184247463941,0.807564827451745,0.09972704230844219,0.09270813023981282,2.371654587984085,0.0013051384240571726,0.0004889418900430113,0.007261837594916269,
2026-07-20,60,5689,False,1.090338752906748,2.2101586135228475,1.3792904435460245,14,0.209492998368356,0.7718403937423097,0.09281068729126385,0.13534891896642642,2.5416386246681215,0.7992617331692741,0.07312357180523818,0.12761469502548778,2.6836326132218042,0.804710845491299,0.09193179820706626,0.10335735630163473,2.8595874071121212,0.008143195742328212,0.0013906996798043643,0.011960082965233551,
2026-07-21,15,14119,False,0.7018754635612364,1.5054109988609956,0.9015670373255896,14,0.22149387177765367,0.7887952404561229,0.10064452156668319,0.11056023797719385,1.8235708713531493,0.8124513067497698,0.08371697712302571,0.10383171612720447,1.911075417200724,0.8108222961966145,0.09504922444932361,0.0941284793540619,1.9620224148035053,0.0023154306455306314,8.30546305972007e-05,0.004478502508483011,
2026-07-21,30,10305,False,0.903847359090805,1.9265622234344488,1.1214701601164483,14,0.1940513522027606,0.7788452207666181,0.10257156720038817,0.1185832120329937,2.2103020946184793,0.8067928190198933,0.08277535177098495,0.11043182920912178,2.348861360549927,0.8075691411935954,0.09587578845220766,0.096555070354197,2.440721199909846,0.003926936673992622,0.00029714398664746315,0.006726501769578547,
2026-07-21,60,5724,False,1.1750237914266726,2.5322136958440145,1.4651846028418354,14,0.1980370329120127,0.7664220824598184,0.09084556254367575,0.14273235499650594,2.626258659362793,0.7968204053109713,0.06988120195667366,0.133298392732355,2.7771003305912014,0.7959468902865129,0.0903214535290007,0.11373165618448637,2.9512534747521078,0.013081084120048348,0.0007153289211313166,0.011463896310689689,
2026-07-22,15,14128,False,0.744246142226122,1.5884953784942633,0.9444890760664401,14,0.2120119108992553,0.7741364665911665,0.10723386183465458,0.11862967157417893,1.8841868802905082,0.7979190260475651,0.08904303510758776,0.11303793884484711,1.9717861334482825,0.7968573046432617,0.1015713476783692,0.1015713476783692,2.024647191663583,0.006790751860936323,8.689733168068176e-05,0.005787953268015835,
2026-07-22,30,10321,False,0.9373637034072467,1.999169357617696,1.1843829732261086,14,0.20856367864358338,0.7683364015114814,0.10900106578819882,0.12266253270031974,2.276018577814102,0.7969189032070536,0.08758841197558376,0.11549268481736266,2.413234841823578,0.7956593353357233,0.10280011626780351,0.10154054839647321,2.5046337763468425,0.007916720096765995,0.00026911094374046515,0.007518637687924033,
2026-07-22,60,5736,False,1.1608506468137443,2.5931154932826757,1.4978847047884705,14,0.2250066756789013,0.7602859135285913,0.10216178521617852,0.13755230125523013,2.677470830827951,0.7894002789400278,0.07967224546722455,0.13092747559274756,2.8321415126323704,0.7902719665271967,0.10146443514644352,0.10826359832635983,3.0152372529730203,0.021011058732809444,0.0006546474745608788,0.010641748053680252,
2026-07-23,15,14073,False,0.6937656056899353,1.5020125349362703,0.899206518392193,14,0.22846910970973822,0.7763803027073118,0.1102110424216585,0.11340865487102963,1.8002442071214317,0.8009663895402543,0.09145171605201449,0.10758189440773111,1.8866497953732808,0.7982661834718965,0.10324735308747246,0.098486463440631,1.9369643727938335,0.0010235481431675028,0.000217034300021298,0.005322343120973971,
2026-07-23,30,10264,False,0.849616790888987,1.7971391077836365,1.089055598856846,14,0.21985912217814396,0.7849766173031957,0.10463756819953235,0.11038581449727201,2.168692384536067,0.8181995323460639,0.07852689010132502,0.10327357755261107,2.3127493192752206,0.8123538581449727,0.0965510522213562,0.09109508963367108,2.4006405850251515,0.0015046064760479083,0.00047765136149192586,0.0071217283886957266,
2026-07-23,60,5697,False,1.0731742963355095,2.287420562108358,1.3668685272950676,14,0.21486648137312614,0.7758469369843778,0.09847288046340179,0.12568018255222047,2.5783756911754603,0.8116552571528874,0.07073898543092856,0.11760575741618395,2.749606827894847,0.8042829559417237,0.09794628751974724,0.09777075653852906,2.940542620420456,0.008520959621982575,0.0011808545363465573,0.011220559495305161,
2026-07-24,15,14297,False,0.6695412822038258,1.4349107456207275,0.863754633839267,14,0.22484782602229336,0.780303560187452,0.10421766804224662,0.11547877177030146,1.7820140083630882,0.8031754913618242,0.08792054277121074,0.1089039658669651,1.863309516509374,0.8028257676435616,0.09890186752465552,0.0982723648317829,1.9136453111966452,0.0015521392876806422,0.001339987534996911,0.006244500676571188,
2026-07-24,30,10437,False,0.8250721520860463,1.7755134499073026,1.054991057455846,14,0.21793445901262765,0.773498131647025,0.11190955255341574,0.11459231579955927,2.1584940354029336,0.8042540960045991,0.08891443901504263,0.10683146498035834,2.286315679550171,0.8036792181661397,0.10386126281498514,0.09245951901887516,2.370378299554189,0.003348198684127622,0.002011514601756387,0.006543713131615792,
2026-07-24,60,5793,False,1.050577926764364,2.1769939806312326,1.3594309223775822,14,0.22719285734140027,0.7724840324529605,0.10512687726566546,0.12238909028137407,2.539058299362659,0.7999309511479372,0.08579319868807181,0.11427585016399103,2.681525286038717,0.8004488175384085,0.10668047643707923,0.09287070602451235,2.8692037701606745,0.01263112991967635,0.003599832957554428,0.009050880029038704,
2026-07-25,15,13735,False,0.7077116830494856,1.448941604991754,0.9050788739230676,14,0.21806628854134358,0.7769202766654533,0.10724426647251548,0.11583545686203131,1.6971481382846831,0.7993447397160539,0.0921004732435384,0.10855478704040772,1.7777578294898073,0.8001456133964324,0.10360393156170368,0.09625045504186386,1.8306141336758932,0.006504649992809615,0.0025879204419215554,0.011676015145453397,
2026-07-25,30,9933,False,0.9044556408558967,1.8806374231974299,1.1446063626296183,14,0.20981075207549904,0.7621061109433203,0.11889660726870029,0.11899728178797946,2.0396584153175352,0.792107117688513,0.09795630725863284,0.10993657505285412,2.1651041050752005,0.7928118393234672,0.1117487163998792,0.09543944427665357,2.246914541721344,0.005821948526629142,0.0033924270251735247,0.02335208265927984,
2026-07-25,60,5283,False,1.2150890703555006,2.5013397010167444,1.5391712410877658,14,0.21055627995181958,0.7427597955706985,0.11943971228468674,0.1378004921446148,2.424965035915375,0.7734241908006815,0.09653605905735378,0.13003975014196478,2.5721524551510813,0.7728563316297559,0.1198182850653038,0.10732538330494037,2.751922972997029,0.007935442572414755,0.007797393848188222,0.0069132567076190705,
2026-07-26,15,13528,False,0.659469002646752,1.4254236888885499,0.8455204021289178,14,0.2200436547878808,0.7728415138971023,0.10378474275576582,0.12337374334713187,1.6716112752755485,0.7945742164399764,0.0894441159077469,0.11598166765227676,1.748991000652313,0.7968657599053814,0.10045830869308102,0.10267593140153755,1.8038810163736345,0.00850290322705573,0.0006713774384311187,0.011664642570719086,
2026-07-26,30,9782,False,0.8026632301883632,1.759783596992492,1.0196040346214135,14,0.21276966063948743,0.7714168881619301,0.10999795542833776,0.11858515640973216,1.9955083196361858,0.8016765487630342,0.08781435289306891,0.11050909834389695,2.1166603843371075,0.8036188918421591,0.10294418319362093,0.09343692496422,2.2051303346951805,0.005160077700147899,0.0003877692165434651,0.01832024955561468,
2026-07-26,60,5271,False,1.0034634041506922,2.2495387574036916,1.3111000442673748,14,0.23464009589640877,0.7556440903054449,0.1049136786188579,0.1394422310756972,2.394112598896027,0.7863782963384557,0.08385505596660975,0.12976664769493454,2.55283686319987,0.7915006640106241,0.10434452665528363,0.1041548093340922,2.7508924563725787,0.0061449609233242075,8.805333577145237e-05,0.010153020041167774,
2026-07-27,15,13949,True,0.7222494193941803,1.4945615186293921,0.9184224675603987,14,0.2135978322561206,0.7948956914474156,0.08911033048964083,0.11599397806294358,1.7742498755455016,0.8128181231629508,0.07756828446483618,0.10961359237221306,1.848554412523905,0.8171911965015414,0.08796329485984658,0.09484550863861209,1.9063689202070235,0.0004718094343697533,0.0003295723799002984,0.004538649497233269,
2026-07-27,30,10099,True,0.9430429342776757,1.8763198121388758,1.186628214014589,14,0.2052751458797848,0.7810674324190514,0.10010892167541341,0.11882364590553521,2.124604585766792,0.8084958906822458,0.07941380334686603,0.1120903059708882,2.2409579654534655,0.8053272601247649,0.09545499554411328,0.09921774433112189,2.3307296683390937,0.0013685073703388257,0.0005759705353243431,0.004176114480970891,
2026-07-27,60,5651,True,1.2954805624844143,2.259038595358531,1.6056155252757622,14,0.1931564299853682,0.7734914174482392,0.09378870996283843,0.13271987258892232,2.501440954208374,0.8025128295876836,0.07343832949920368,0.12404884091311272,2.6566708882649746,0.8026897894178021,0.09573526809414264,0.10157494248805521,2.859295870860418,0.008093084776458804,0.0016737647235485764,0.011207170122585267,
2026-07-28,15,13876,True,0.7468917518074621,1.5723239262898763,0.9501501393292976,14,0.21392238879774694,0.7827904295185932,0.09801095416546556,0.1191986163159412,1.8392105052868526,0.7990775439607957,0.08554338426059382,0.11537907177861055,1.9080342094103497,0.7978524070337273,0.09887575670221967,0.10327183626405304,1.9657783955335617,0.006541498066293774,0.0004565690124674625,0.0024448775858945332,
2026-07-28,30,10046,True,0.9436970518697451,1.9387910311420757,1.1929789634348662,14,0.20895750822577797,0.7696595659964165,0.10690822217798128,0.12343221182560223,2.221136483053366,0.7964363925940673,0.08739796934103125,0.11616563806490145,2.3363551517327625,0.7961377662751343,0.10123432211825602,0.1026279116066096,2.421244969467322,0.00887609233695623,0.0006505197487492433,0.005974131989601891,
2026-07-28,60,5565,True,1.1729919092646424,2.3521960735321055,1.506040730757712,14,0.22114197490894394,0.7823899371069183,0.08733153638814016,0.1302785265049416,2.612219446897506,0.8127583108715184,0.06576819407008086,0.12147349505840072,2.769431444009145,0.8107816711590297,0.09110512129380054,0.09811320754716982,2.977146538098653,0.020587166946922714,0.002227820822171749,0.009617024909507907,
2026-07-29,15,14018,False,0.7078546647210981,1.5379884596665705,0.9027696533028964,14,0.21590777655039384,0.7822085889570553,0.1036524468540448,0.11413896418889999,1.8226416647434234,0.8003281495220431,0.09016978170923098,0.10950206876872592,1.8886108900109928,0.7994721072906263,0.10358111000142674,0.09694678270794692,1.948329890767733,0.002892331179005435,0.00025404312640361416,0.003245001937619037,
2026-07-29,30,10188,False,0.8658556702215813,1.8647814059257508,1.109210999869127,14,0.21939498407089242,0.7805261091480172,0.11179819395367098,0.10767569689831175,2.183953005758424,0.8033961523360816,0.09422850412249706,0.10237534354142128,2.2936673084894816,0.7999607381232823,0.10895170789163722,0.09108755398508049,2.3745728701353075,0.004149467988816198,0.0004187285067164839,0.004005569379693089,
2026-07-29,60,5691,False,0.9959235834445361,2.1203658004601795,1.3202293094359514,14,0.24564348304763062,0.7872078720787208,0.10472676155332981,0.10806536636794939,2.5528978228569033,0.8154981549815498,0.08416798453698823,0.10033386048146195,2.695927929878235,0.8153224389386751,0.10753821823932525,0.07713934282199965,2.892124537626902,0.01093437063569193,0.0011658209127079588,0.010295119338830106,
2026-07-30,15,13892,True,0.789702173040804,1.685618570844332,0.9905839092043381,14,0.20279123686239497,0.7672041462712352,0.10919953930319608,0.12359631442556868,1.910076270500819,0.7847682119205298,0.09617045781744889,0.1190613302620213,1.9772211670875548,0.7836884537863519,0.10862366829830118,0.10768787791534697,2.0331888655821477,0.026971992376481322,0.00037548563560853255,0.0025966789125925205,
2026-07-30,30,10073,True,1.0165577599251205,2.1851451587677015,1.2837717991991793,14,0.2081476158307478,0.7574704656011119,0.11644991561600318,0.12607961878288493,2.342563192049662,0.7823885634865482,0.09788543631490122,0.11972600019855058,2.4522483944892883,0.7799066812270425,0.11208180283927331,0.1080115159336841,2.5339626987775166,0.03044768567135958,0.0004697820742530324,0.004688493978193929,
2026-07-30,60,5640,True,1.213613624342564,2.6410033226013208,1.5765514184397162,14,0.230209931532931,0.7595744680851064,0.10336879432624113,0.13705673758865247,2.7424954652786253,0.7882978723404256,0.08120567375886525,0.13049645390070921,2.8891727765401205,0.7865248226950354,0.10549645390070922,0.10797872340425532,3.0790025075276697,0.044013196622245836,0.0013368417867149708,0.007458701967864154,
2026-07-31,15,14189,False,0.7293379161195569,1.550119427045187,0.9296691098738459,14,0.21548655497596725,0.7807456480372119,0.10113468179575728,0.1181196701670308,1.826424833138784,0.8003382902248221,0.08760307280287546,0.11205863697230249,1.8957379897435498,0.7995630417929382,0.09979561632250335,0.10064134188455846,1.9507673402627308,0.00550025052697311,0.0012748606962999986,0.005168760008280715,
2026-07-31,30,10342,False,0.9155117729974924,1.950320818424224,1.1737711919035647,14,0.22002535135254064,0.7704505898278863,0.11090698124153936,0.11864242893057436,2.2078551525870957,0.7963643395861536,0.09166505511506479,0.11197060529878167,2.320395878950755,0.7962676464900406,0.1035583059369561,0.10017404757300329,2.392649571100871,0.0057140648157802945,0.0025650615411570055,0.0048228516462488855,
2026-07-31,60,5802,False,1.0728938547330835,2.175340133508048,1.3977852464667357,14,0.23243298107123345,0.7843846949327818,0.09996552912788693,0.11564977593933126,2.5714475154876704,0.8095484315753189,0.08169596690796277,0.10875560151671837,2.7148336718479795,0.8059289900034471,0.1011720096518442,0.09289900034470872,2.8902084827423096,0.010817425196959236,0.00539249594147986,0.009754596069200983,
2026-08-01,15,13840,False,0.666905666949811,1.4381064452727639,0.8663999277456647,14,0.2302565529003784,0.7703034682080925,0.10469653179190752,0.125,1.6909129122893016,0.790028901734104,0.09219653179190751,0.11777456647398844,1.762339765530851,0.7942919075144509,0.10252890173410405,0.10317919075144509,1.813254583875338,0.002961092924204545,0.002331617988251466,0.005041514425054832,
2026-08-01,30,10166,False,0.8248990078964575,1.7467478076616925,1.0671945701357466,14,0.2270397254818015,0.7660830218374975,0.11351564036986032,0.12040133779264214,2.029012688373526,0.7938225457407043,0.0929569152075546,0.11322053905174109,2.147355791926384,0.7924454062561479,0.10564627188668109,0.10190832185717096,2.218088119228681,0.004838697216233115,0.0024813519226345483,0.006496577880856106,
2026-08-01,60,5553,False,0.940420008532908,1.981908537546794,1.2450222102166997,14,0.24465603840976846,0.779578606158833,0.10750945434900054,0.1129119394921664,2.3947090943654388,0.8125337655321447,0.0839186025571763,0.10354763191067891,2.543775288263957,0.8130740140464614,0.10732937151089501,0.07959661444264361,2.7237015922864276,0.003385221129019795,0.00469565096483004,0.012750388678351356,
2026-08-02,15,13513,False,0.6446507672034957,1.3919579680760703,0.8375804780581662,14,0.23034169958444561,0.7717013246503367,0.11100421816029009,0.1172944571893732,1.6597949524720512,0.7909420557981204,0.0974617035447347,0.11159624065714498,1.7362143496672306,0.7939761710945016,0.10834011692444313,0.09768371198105529,1.7862345481912296,0.008922383191595315,0.0007065702794412553,0.007215188814419373,
2026-08-02,30,9889,False,0.7980914208436223,1.7635936943689985,1.032015370613813,14,0.2266671179820312,0.7601375265446456,0.1227626655880271,0.11709980786732734,1.9630429546038308,0.7872383456365659,0.10233592880978866,0.11042572555364547,2.0877919510006904,0.7872383456365659,0.11295378703610072,0.0998078673273334,2.156930287679036,0.010083307517978857,0.00031507728131334624,0.010844225560029806,
2026-08-02,60,5361,False,0.9281915812214995,2.0112857103347777,1.2376142510725612,14,0.25001543864164855,0.7729901137847417,0.11154635329229622,0.11546353292296213,2.3173992902040483,0.8004103711994031,0.0923335198656967,0.1072561089349002,2.4747334361076354,0.8004103711994031,0.11266554747248647,0.08692408132811043,2.643987625837326,0.0034404080830726805,0.00016255889024958405,0.016088889221048265,
2026-08-03,15,13984,False,0.7153583772618669,1.5140656308333078,0.8998486365369947,14,0.2050236581844762,0.7862557208237986,0.09282036613272311,0.12092391304347826,1.841167578101158,0.8054919908466819,0.07980549199084669,0.1147025171624714,1.9196128229300182,0.8087814645308925,0.08924485125858124,0.10197368421052631,1.9697580742339291,0.00497962964846611,0.0001092812065600144,0.0042409409951317265,
2026-08-03,30,10142,False,0.8854942155822827,1.877420452237129,1.1151506934858344,14,0.2059421020361577,0.7742062709524749,0.10293827647406822,0.12285545257345691,2.195065031449,0.8010254387694735,0.08351409978308026,0.11546046144744626,2.3200727701187134,0.8043778347465983,0.0927824886610136,0.10283967659238809,2.386703329781691,0.005699580931230679,0.0003030926585141278,0.0053504701546521006,
2026-08-03,60,5692,False,1.0444847555290697,2.182199026743571,1.3198743851018975,14,0.2086483628148954,0.784082923401265,0.08239634574841884,0.13352073085031624,2.578182432055473,0.8106113843991567,0.0646521433591005,0.1247364722417428,2.7277905702590943,0.8211524947294448,0.0797610681658468,0.09908643710470837,2.8954066097736355,0.014346624873671573,0.0009333103612754418,0.009337346350296195,
2026-08-04,15,14029,False,0.7901234437195971,1.6602822097142538,0.9841809822510513,14,0.19717667993096089,0.7819516715375294,0.09943688074702402,0.11861144771544657,1.9014294703801475,0.7984888445363176,0.08753296742462043,0.11397818803906194,1.9782324224710464,0.8010549575878537,0.09722717228597905,0.10171787012616723,2.029639478524526,0.016169034553845586,0.00011201601624204458,0.00391393058334645,
2026-08-04,30,10170,False,1.0157128586245836,2.123670118649801,1.252652409046214,14,0.18915027721220712,0.772173058013766,0.10412979351032449,0.12369714847590954,2.285642317434152,0.7991150442477876,0.0839724680432645,0.11691248770894788,2.411231952905655,0.7998033431661751,0.0943952802359882,0.10580137659783677,2.48048640191555,0.01621097962068421,0.00026163335410056023,0.004439492226586014,
2026-08-04,60,5702,False,1.286282034374784,2.6184814246495614,1.571203086636268,14,0.18133941734512582,0.7739389687828832,0.08839003858295336,0.13767099263416346,2.662585663795471,0.8018239214310768,0.06752016836197826,0.13065591020694492,2.805976548790932,0.8021746755524377,0.0876885303402315,0.11013679410733077,2.973687658707301,0.026166942367541385,0.0006547755096088131,0.008904674223777328,
2026-08-05,15,13992,False,0.7740924910523831,1.6393257399400076,0.9800391890604154,14,0.21014128853916325,0.777229845626072,0.10463121783876501,0.11813893653516296,1.8807555637322362,0.7982418524871355,0.08883647798742138,0.11292166952544311,1.9627856038083946,0.7958833619210978,0.1017724413950829,0.10234419668381932,2.0146606485048935,0.012433733937725462,0.00020483680127507327,0.003919903390481584,
2026-08-05,30,10174,False,0.9744679536914985,2.083332035541538,1.2466925496363277,14,0.2183574418762988,0.7715746019264793,0.10477688224886966,0.12364851582465107,2.275321907301744,0.7988991547080794,0.08413603302535876,0.11696481226656183,2.4058787526252368,0.798702575191665,0.09435816787890702,0.10693925692942795,2.475136642468472,0.014854512425938902,0.00039537455253849986,0.003920167644063171,
2026-08-05,60,5692,False,1.1598805636527127,2.4466716347138107,1.5430692199578357,14,0.2483288833378412,0.7756500351370345,0.09346451159522136,0.1308854532677442,2.6575991243124006,0.7991918482080113,0.07501756851721715,0.1257905832747716,2.7980303843816117,0.7984891075193253,0.09416725228390724,0.1073436401967674,2.9625960250695544,0.026669390855848546,0.0008830039827302022,0.010299695698649254,
2026-08-06,15,13897,False,0.6834266959868002,1.48323112030824,0.8692715454174762,14,0.213793779872804,0.784845650140318,0.10153270490033821,0.11362164495934374,1.820222371816635,0.8062891271497445,0.08591782399078939,0.10779304885946607,1.900250339508057,0.8043462617831186,0.09851046988558682,0.09714326833129452,1.9519150853157046,0.002541297402213357,0.00018427242111968383,0.004708014275567701,
2026-08-06,30,10052,False,0.8435337690747895,1.8084745899836214,1.076535349515851,14,0.21643653461621026,0.77875049741345,0.10644647831277358,0.11480302427377637,2.206378853321075,0.8090927178670911,0.08406287306008754,0.10684440907282133,2.3349919001261394,0.8101870274572225,0.09500596896140072,0.09480700358137684,2.404331087817748,0.0036041489160124657,0.0005194799268405383,0.005181481555950454,
2026-08-06,60,5623,False,0.9806116606553542,2.059699987570445,1.2802937340684095,14,0.23407290486437893,0.7953049973323848,0.0946114173928508,0.11008358527476436,2.5922255635261537,0.8219811488529255,0.0752267472879246,0.10279210385914991,2.7362053730835516,0.8191356926907345,0.09532278143339855,0.08554152587586697,2.890969280401866,0.013637891651689625,0.001558804058456439,0.0085865583286612,
2026-08-07,15,14275,False,0.6889334151556118,1.4819171508153284,0.8917116170461179,14,0.22740334208298052,0.7771628721541156,0.10654991243432574,0.11628721541155868,1.7930438925822578,0.7992294220665499,0.09155866900175132,0.10921190893169877,1.8705717464288076,0.7992294220665499,0.10444833625218915,0.09632224168126094,1.9205976237853366,0.0019723889502472926,0.0016793206285231406,0.00448268874814077,
2026-08-07,30,10413,False,0.8637014019718344,1.8710643513997398,1.0993901853452417,14,0.21438137843607719,0.7756650340920004,0.1087102660136368,0.11562469989436282,2.1447136431932448,0.805051378085086,0.08614232209737828,0.10880629981753577,2.275025443236033,0.8029386343993086,0.09785844617305292,0.09920291942763852,2.342222356796265,0.0026363301137180177,0.0027353192709342073,0.0046916209764026546,
2026-08-07,60,5876,False,1.0162648752701304,2.1376693665981295,1.3333645336963922,14,0.237819178786156,0.786929884275017,0.09189925119128659,0.1211708645336964,2.5522576376795767,0.8083730428863172,0.07709326072157931,0.11453369639210347,2.679941874742508,0.8092239618788292,0.09326072157930565,0.09751531654186521,2.833484399318695,0.010502763808097717,0.005926550570069046,0.010979794052545674,
2026-08-08,15,14052,False,0.694275577874642,1.4909412693977355,0.8923860185975899,14,0.22200083438586826,0.7648733276401936,0.10937944776544264,0.1257472245943638,1.7386524240175882,0.7841588385994877,0.09557358383148307,0.12026757756902932,1.8164089318985734,0.7875035582123541,0.107600341588386,0.10489610019925989,1.8660621131459871,0.005347985495827433,0.0021610727533773327,0.0019794789183148627,
2026-08-08,30,10205,False,0.865201555858062,1.8807804648081465,1.1181234688878001,14,0.22620213247229315,0.7622733953944145,0.11239588437040667,0.12533072023517883,2.1201701561609902,0.7887310142087213,0.09583537481626654,0.11543361097501224,2.2505377292633058,0.792062714355708,0.10651641352278295,0.10142087212150906,2.321677803993225,0.007875217857286562,0.0023990920832489757,0.0018859356225622932,
2026-08-08,60,5652,False,1.039249157538643,2.261905205647152,1.3527984194385467,14,0.23177825860414314,0.7724699221514508,0.09501061571125266,0.13251946213729654,2.481893626848857,0.7933474876150035,0.08050247699929229,0.12615003538570418,2.6122771263122555,0.7963552724699221,0.09607218683651805,0.1075725406935598,2.764668820301692,0.011500497050892745,0.005212489815324737,0.0027721587903689238,
2026-08-09,15,13822,False,0.6553482305533818,1.3880450050036113,0.847051801475908,14,0.22631859183641523,0.7755028215887715,0.10396469396614093,0.12053248444508755,1.6589818100134532,0.7997395456518593,0.088120387787585,0.11214006656055564,1.745739334821701,0.8013312111127189,0.1006366661843438,0.09803212270293735,1.7948462585608165,0.006144489687486882,0.0010721060504237407,0.006749132306554319,
2026-08-09,30,10041,False,0.8053042946833089,1.7074490070343025,1.0264814261527735,14,0.2154711481711178,0.7726322079474156,0.10905288317896623,0.11831490887361816,1.9637910157442091,0.8034060352554526,0.08674434817249278,0.10984961657205458,2.097535264492035,0.8050990937157654,0.09819739069813764,0.09670351558609701,2.1670238931973778,0.006563556245392044,0.0007168162571649508,0.010104216004562955,
2026-08-09,60,5568,False,0.9148964652533895,1.9129160896937054,1.1973060344827586,14,0.23587083092867833,0.7787356321839081,0.10201149425287356,0.11925287356321838,2.2789319559931753,0.8038793103448276,0.08584770114942529,0.11027298850574713,2.4017402152220404,0.8067528735632183,0.10272988505747127,0.09051724137931035,2.5502702931563057,0.005305851106691606,0.0003799831684422578,0.017094953859954812,
2026-08-10,15,14052,False,0.7412867175247384,1.6026916766166686,0.9308218284467217,14,0.20362125718330404,0.7865784230002847,0.09543125533731853,0.11799032166239681,1.8536474645137786,0.807002561912895,0.08091374893253629,0.11208368915456875,1.9368635714054108,0.8063620836891545,0.09294050668943922,0.1006974096214062,1.986500836412112,0.005695908696497949,0.0003018832196164835,0.0033925083234609384,
2026-08-10,30,10193,False,0.9586014516131832,2.1340060997009296,1.1808806697406717,14,0.18823173570645568,0.7729814578632395,0.0982046502501717,0.12881389188658884,2.2418457667032876,0.799666437751398,0.07848523496517218,0.1218483272834298,2.3723961661259336,0.801334248994408,0.08966938094770921,0.10899637005788286,2.4396989156802493,0.006303561719084879,0.0005348223303753898,0.004213800314901928,
2026-08-10,60,5669,False,1.2060597779073632,2.615782817204792,1.4614364673369789,14,0.17474361365496893,0.7683894866819545,0.08749338507673311,0.1441171282413124,2.646067494153976,0.7888516493208679,0.07197036514376433,0.13917798553536778,2.75930372873942,0.7897336390897866,0.09013935438348915,0.12012700652672428,2.900320865710577,0.009068569955253708,0.00104274138628379,0.010147788984020006,
2026-08-11,15,14144,False,0.7214424972726514,1.5743666628996533,0.9201699189291103,14,0.21596817888563125,0.7847850678733032,0.09686085972850679,0.11835407239819004,1.872881497939428,0.8074802036199095,0.08052884615384616,0.11199095022624435,1.9564570824305214,0.805783371040724,0.09396210407239819,0.10025452488687783,2.006139585375786,0.008319354648140912,0.00024418846528502486,0.004191590615440236,
2026-08-11,30,10286,False,0.892193881705786,1.9230290581782659,1.1195524661352,14,0.2030798835308516,0.7723118802255493,0.10723313241298853,0.12045498736146218,2.272726061940193,0.8040054442932141,0.08341434960139996,0.11258020610538597,2.4086558058857914,0.8050748590316935,0.09653898502819366,0.09838615594011277,2.479110991458098,0.007453939818380975,0.0003150623032364262,0.0042887126553127364,
2026-08-11,60,5695,False,1.0635044163309308,2.2328735412408918,1.3297995317529998,14,0.20025207489058683,0.7819139596136963,0.09482001755926252,0.12326602282704126,2.6911873757839198,0.7984196663740123,0.08375768217734855,0.11782265144863915,2.8079400335748987,0.8017559262510975,0.09727831431079895,0.1009657594381036,2.9534911930561067,0.010420545510077525,0.00047866906652430075,0.009588875191664056,
2026-08-12,15,13940,False,0.7615289935516719,1.595404119491577,0.9595020325203253,14,0.2063289417414128,0.784648493543759,0.09978479196556671,0.11556671449067432,1.8933278620243068,0.8077474892395983,0.08235294117647059,0.10989956958393113,1.9769590343038241,0.8055954088952654,0.09684361549497848,0.0975609756097561,2.0277033438285192,0.016578532268060588,0.00039458294360789775,0.00534911501297777,
2026-08-12,30,10042,False,0.9950097160393426,2.128792281722028,1.2293135497576844,14,0.1905972920940524,0.7751443935471022,0.10137422824138617,0.12348137821151164,2.32575404147307,0.8034256124278032,0.08026289583748257,0.1163114917347142,2.4589497317870457,0.8053176658036247,0.09101772555267874,0.10366460864369648,2.5268792698780693,0.01972991639072736,0.0008613407604786852,0.00343410440479983,
2026-08-12,60,5445,False,1.2912568932788986,2.679885610739391,1.6026048362411998,14,0.19427617833261157,0.7663911845730027,0.09237832874196511,0.14123048668503213,2.794347357749939,0.7887970615243343,0.07640036730945822,0.13480257116620753,2.9092928767204285,0.78732782369146,0.09715335169880625,0.1155188246097337,3.0545779983202617,0.03258170305346282,0.0028065986423944935,0.010283850805278971,
2026-08-13,15,13974,True,0.7792420713238457,1.6700594154000283,0.9751586279280567,14,0.20090737136836878,0.7758694718763418,0.09982825246887075,0.12430227565478746,1.9314372539520261,0.7968369829683698,0.08465722055245456,0.11850579647917561,2.0131628099828958,0.7949048232431659,0.09803921568627451,0.1070559610705596,2.063998974363009,0.024524485244353696,0.0003048331365183397,0.006879504977897474,
2026-08-13,30,10129,True,0.9880666779650261,2.147560989459357,1.2276401092572482,14,0.19514956336606648,0.7693750617040181,0.1012933162207523,0.12933162207522955,2.350008765856425,0.7979069997038207,0.07996840754269918,0.1221245927534801,2.48156548589468,0.7985980847072761,0.09191430545957152,0.10948760983315234,2.558455753326416,0.02189439403051554,0.0005089234893096456,0.006868664077365394,
2026-08-13,60,5595,True,1.2463417205430183,2.568085717757543,1.5499136133452487,14,0.1958637502041275,0.7719392314566578,0.08793565683646112,0.14012511170688113,2.763440036773681,0.7932082216264522,0.07256478999106344,0.13422698838248437,2.88478356997172,0.7962466487935657,0.090437890974084,0.11331546023235031,3.05481620033582,0.02701489085945546,0.0007490528785534496,0.014192662167570412,
2026-08-14,15,14262,True,0.8353372931737388,1.7928835256894426,1.0340041134950686,14,0.1921334912777185,0.7670733417473005,0.10082737343991025,0.13209928481278924,1.9621145778646074,0.7874070957789931,0.08631328004487449,0.1262796241761324,2.0413100538154447,0.7839012761183565,0.09977562754171926,0.11632309633992427,2.0939324041207628,0.05072216205851554,0.0024681651769280413,0.005911656656541124,
2026-08-14,30,10359,True,1.0697169450431303,2.292511235872907,1.3221643015735112,14,0.19093493617241264,0.7610773240660296,0.09972005019789555,0.13920262573607492,2.405279728770256,0.7884930977893619,0.08099237378125301,0.13051452842938507,2.5363252679506942,0.7882034945458056,0.09392798532676899,0.11786852012742542,2.617251624663671,0.04339106762175343,0.004198049724084156,0.005727998300853788,
2026-08-14,60,5708,True,1.2796474729539398,2.6639942798018463,1.5986845947208594,14,0.1995622668914412,0.7718990889978977,0.08391730903994393,0.14418360196215838,2.821232396364212,0.7932725998598459,0.06937631394533987,0.1373510861948143,2.938062313695748,0.7969516468114927,0.09215136650315348,0.11089698668535389,3.1090630888938904,0.05541152436828478,0.00862216007188074,0.011564931883755836,
2026-08-15,15,14105,False,0.6181545510841449,1.319754172960918,0.8030674701642443,14,0.23025826091832713,0.7835519319390287,0.10046082949308756,0.11598723856788373,1.6561247944831847,0.8079404466501241,0.08408365827720667,0.10797589507266926,1.7456307252248129,0.8087912087912088,0.09819213045019497,0.09301666075859624,1.801783263931672,0.003436356869924128,0.0016688195470958502,0.0051484748704511175,
2026-08-15,30,10360,False,0.7435196175907438,1.6262579526503882,0.9528523166023165,14,0.21969060195814172,0.7871621621621622,0.10733590733590734,0.1055019305019305,1.9982502939625797,0.816988416988417,0.0861003861003861,0.09691119691119691,2.134976876775424,0.8167953667953668,0.1000965250965251,0.0831081081081081,2.2220614741245903,0.003444499219533311,0.0019183283942729537,0.004627420037859955,
2026-08-15,60,5660,False,0.8894317237517471,1.8422956009705864,1.1373100706713781,14,0.21795142179063198,0.7879858657243817,0.10618374558303886,0.1058303886925795,2.3543317399919035,0.8097173144876325,0.09010600706713781,0.10017667844522968,2.4847974608341854,0.8091872791519434,0.11289752650176678,0.07791519434628975,2.654774633049965,0.0023182975439586776,0.004775980385085309,0.010877221937800758,
2026-08-16,15,13719,True,0.7279475910977321,1.4938622109095259,0.9250631727288189,14,0.2130833735923362,0.7689335957431299,0.10802536628034114,0.1230410379765289,1.7013740052779518,0.7921131277789927,0.09271812814345069,0.11516874407755667,1.7836509505907694,0.792258910999344,0.10620307602594942,0.10153801297470662,1.840214088310798,0.0053799282657083225,0.0016614820435368388,0.009416965763390427,
2026-08-16,30,10006,True,0.9355844186229073,1.9070830901463829,1.1724473649143847,14,0.20202437514862237,0.7625424745152908,0.1157305616630022,0.12172696382170697,2.0599334488312397,0.7909254447331601,0.09574255446731961,0.11333200079952029,2.190321805079778,0.7906256246252249,0.11153308015190885,0.09784129522286628,2.273545820017656,0.0061346646201618105,0.0016307560950534494,0.009052033130409975,
2026-08-16,60,5347,True,1.0969751820337696,2.2600396466255246,1.382575899258151,14,0.20657145649481246,0.763231718720778,0.10996820647091828,0.12680007480830371,2.441491945460439,0.7877314381896391,0.09463250420796708,0.11763605760239386,2.5701742308835187,0.786422292874509,0.1172620160837853,0.09631569104170563,2.741381501158078,0.008842861763845765,0.0024360158626474887,0.023325749263352086,
2026-08-17,15,14264,False,0.7455274895972327,1.6357002019882207,0.9406910170125257,14,0.2074682588498602,0.7851934941110488,0.08651149747616377,0.12829500841278743,1.944577286640803,0.8063656758272574,0.07368199663488502,0.11995232753785755,2.025481560826301,0.8088194054963544,0.08475883342680875,0.10642176107683679,2.0814717294027405,0.021159368634698066,0.00015178482472417567,0.004747915131548833,
2026-08-17,30,10446,False,0.9421828426233482,2.097864778836568,1.168944252983598,14,0.19398821610309214,0.7798200268045185,0.09955964005360904,0.12062033314187248,2.390696237484614,0.8075818495117748,0.07926479035037334,0.11315336013785181,2.517742962141832,0.8066245452804901,0.09381581466590082,0.09955964005360904,2.605409688750903,0.022258919212379134,0.00023128665726744588,0.006062812964785354,
2026-08-17,60,5810,False,1.142684321651971,2.492845321496328,1.4241838783706253,14,0.19765674994208693,0.7777969018932874,0.09139414802065404,0.13080895008605853,2.8415349463621777,0.7994836488812392,0.0746987951807229,0.12581755593803787,2.968363875150681,0.8012048192771084,0.09707401032702237,0.10172117039586918,3.149703935782115,0.031494452123502034,0.0006958923225981195,0.009338925962633119,
2026-08-18,15,14109,False,0.7450539782177327,1.5671453297138231,0.9466894653530844,14,0.21299010342335245,0.7884329151605358,0.09554185271812318,0.11602523212134098,1.8940060973167419,0.8113261039053087,0.07924020128995676,0.10943369480473457,1.9758382956186933,0.8090580480544334,0.09391168757530655,0.09703026437026012,2.0340805898110075,0.015863445583437462,0.000357550058537775,0.004916388473913335,
2026-08-18,30,10307,False,0.9798929049729226,2.0176735719045005,1.2105033795802205,14,0.1905079147216171,0.7764625982342097,0.10158144950033958,0.12195595226545067,2.3323251783847807,0.8042107305714563,0.0820801397108761,0.1137091297176676,2.4540791471799217,0.8026583875036383,0.0973125060638401,0.10002910643252158,2.5437904536724094,0.01797152982878623,0.0006008308828194814,0.0050883506245834,
2026-08-18,60,5728,False,1.2696071226500059,2.4744274225831036,1.5608734869646184,14,0.1866047227703438,0.7695530726256983,0.09898743016759777,0.1314594972067039,2.7621550838152573,0.7924231843575419,0.08048184357541899,0.1270949720670391,2.886781518161297,0.7924231843575419,0.10317737430167598,0.10439944134078212,3.0667926708857216,0.024070672923782423,0.0017720552113317768,0.005484539207698086,
2026-08-19,15,14191,False,0.7187678401233668,1.542793043454488,0.9169062551382332,14,0.21609451773779753,0.7850045803678388,0.09921781410753294,0.11577760552462829,1.8753509759902953,0.8068494115989007,0.08364456345571136,0.10950602494538793,1.952981583277385,0.8040307236981186,0.09900641251497427,0.09696286378690719,2.0124008456865945,0.010263842392953169,0.00017294552504397545,0.004819404234819346,
2026-08-19,30,10371,False,0.8939853632152736,1.9156576156616207,1.1081469160800952,14,0.19326097447654889,0.7879664448944171,0.10211165750650854,0.10992189759907434,2.2862857381502786,0.8146755375566483,0.08147719602738406,0.1038472664159676,2.408987432718277,0.8108186288689615,0.09690483077813133,0.09227654035290714,2.49585124651591,0.010469096155124357,0.00026385310623685756,0.005335890412571586,
2026-08-19,60,5766,False,1.137962415499843,2.3970922753214836,1.4247254017805528,14,0.2012759693357944,0.7792230315643427,0.09538674991328477,0.12539021852237253,2.7126729443669317,0.8022892819979188,0.07700312174817898,0.12070759625390219,2.845283549527328,0.8017689906347555,0.10180367672563302,0.09642733263961152,3.0248400949562586,0.016859730556725534,0.0007354220963200344,0.009108935731558389,
2026-08-20,15,14289,False,0.7289723335652241,1.5671214056015017,0.9197395432383885,14,0.20741438277349267,0.7865490937084471,0.09419833438309189,0.11925257190846106,1.912728214263916,0.805374763804325,0.0819511512352159,0.1126740849604591,1.991058780749639,0.8089439428931345,0.0939183987682833,0.09713765833858212,2.0503604571024576,0.016819762812801516,0.00015664928481105484,0.003936272465980121,
2026-08-20,30,10466,False,0.908941597877557,1.9177339474360147,1.134111249124148,14,0.19854282498342657,0.7837760366902351,0.10166252627555895,0.114561437034206,2.3532159840067224,0.8144467800496847,0.07920886680680297,0.10634435314351233,2.4705644637346267,0.8111981654882476,0.09573858207529141,0.09306325243646092,2.5568977922201155,0.020312180173999717,0.0002082422054785015,0.005101444147697197,
2026-08-20,60,5851,False,1.087398493781673,2.3153547763824465,1.391035720389677,14,0.2182814015178164,0.7955904973508802,0.08665185438386601,0.1177576482652538,2.766452892621359,0.821056229704324,0.0685352931122885,0.11040847718338745,2.8914735953013104,0.8154161681763801,0.09229191591180995,0.09229191591180995,3.067819016178449,0.035881059860477335,0.0005594435881508323,0.00875788825967471,
2026-08-21,15,14562,False,0.7352986083402364,1.5945261812210083,0.940003090234858,14,0.21777000950441183,0.7950144210960033,0.08844938882021701,0.1165361900837797,2.0085011521975202,0.8104655953852493,0.07759923087487983,0.1119351737398709,2.0833035524934527,0.8127317676143387,0.08851806070594699,0.09875017167971432,2.143073087061445,0.058789539765212576,0.0013042921459276192,0.004661218792791369,
2026-08-21,30,10690,False,0.9490058801664601,2.045612568457922,1.1761763330215156,14,0.19314319330968877,0.7915809167446212,0.09588400374181479,0.11253507951356408,2.526739171644052,0.8145930776426566,0.07857811038353602,0.1068288119738073,2.6425404042005542,0.8136576239476145,0.09260991580916744,0.09373246024321796,2.732130677501361,0.059646867468668416,0.0021244227632039626,0.005331913422581815,
2026-08-21,60,5965,False,1.1689877373039101,2.569125261306763,1.4612447611064545,14,0.20000552377087555,0.7850796311818944,0.08415758591785415,0.13076278290025148,3.006277632713318,0.8055322715842415,0.06890192791282482,0.12556580050293378,3.134337902069092,0.8087175188600167,0.08985750209555741,0.10142497904442582,3.3114025314648945,0.0754522673059458,0.005982164253785883,0.007528542341091414,
2026-08-22,15,14135,False,0.6403594199792897,1.3653236674269047,0.8556697323428841,14,0.2516278234758399,0.7837990802971347,0.09975238769013088,0.11644853201273435,1.6762421071529388,0.803537318712416,0.08638132295719844,0.11008135833038557,1.7501244862874348,0.8043155288291475,0.100884329678104,0.0948001414927485,1.8099804247419038,0.0015333739375874569,0.0020698030796156243,0.003701822725252707,
2026-08-22,30,10355,False,0.8094692994956685,1.7687000838915514,1.065430548849187,14,0.24024207831284006,0.7771125060357316,0.10642201834862386,0.11646547561564462,2.0475035339593886,0.8027040077257364,0.08826653790439401,0.10902945436986963,2.1571558217207585,0.8026074360212457,0.10333172380492515,0.09406084017382907,2.2407865881919857,0.0012738196778849125,0.0024304163173511587,0.007651645103925805,
2026-08-22,60,5602,False,0.9973642102892298,2.0896234122912087,1.2754879209806023,14,0.21805279855378745,0.785255265976437,0.09371652981078187,0.12102820421278115,2.3682213554779694,0.8120314173509461,0.07318814709032488,0.11478043555872902,2.5057890314608815,0.8095323098893252,0.09925026776151374,0.09121742234916101,2.683273097872734,0.002456376802063195,0.0046612644477410535,0.024312207204035683,
2026-08-23,15,13892,False,0.6313417425538358,1.3502359624703724,0.8395059506670506,14,0.24796037234496393,0.782536711776562,0.10682407140800461,0.11063921681543334,1.637350647399823,0.8033400518283904,0.09300316729052692,0.10365678088108264,1.705695373316606,0.8002447451770803,0.10934350705441981,0.09041174776849986,1.7664730514089269,0.009250885841515778,0.0009520060297775048,0.008626930935715985,
2026-08-23,30,10127,False,0.807832067744539,1.735520679950714,1.0414074586089992,14,0.22428818704299014,0.7563937987558014,0.12175372765873407,0.1218524735854646,1.9628715833028156,0.7820677397057372,0.10318949343339587,0.11474276686086698,2.0696161468823746,0.7828577071195814,0.11740890688259109,0.09973338599782759,2.151992189884185,0.007670731543248845,0.0008862019806277103,0.019607444204240324,
2026-08-23,60,5441,False,0.9663592091329744,2.00638210773468,1.2371852600624884,14,0.21890500935634738,0.7654842859768425,0.11137658518654658,0.12313912883661092,2.330631969124078,0.7943392758684066,0.09024076456533725,0.1154199595662562,2.4611861785252893,0.7902959014886969,0.1170740672670465,0.09263003124425657,2.627313014864922,0.004334156005111757,0.000885408415172153,0.05277608854284186,
2026-08-24,15,14387,False,0.7334421258305878,1.5553970779975252,0.9377817937489864,14,0.21789681702126718,0.7821644540209912,0.10106346006811705,0.11677208591089178,1.8868738224109016,0.7999582956836032,0.08862167234308752,0.11142003197330924,1.9525630315144857,0.79884618057969,0.10335719746993814,0.09779662195037186,2.0125215818484623,0.008713971212139243,0.00015715593696132796,0.003546562309465035,
2026-08-24,30,10624,False,0.9322045821465427,1.9080457215011128,1.180715832078313,14,0.21047507213851557,0.7739081325301205,0.10608057228915663,0.12001129518072289,2.283272146185239,0.7973456325301205,0.08894954819277108,0.11370481927710843,2.394147289295991,0.7963102409638554,0.10212725903614457,0.1015625,2.4765307053923604,0.007410046295897637,0.0002173527370012253,0.004080751348746897,
2026-08-24,60,6024,False,1.1587832204765665,2.2933688308795293,1.4376936697653828,14,0.19399852357584058,0.7765604249667994,0.09545152722443559,0.12798804780876494,2.672529476881027,0.8026228419654714,0.07669322709163347,0.12068393094289509,2.7966222206751503,0.7963147410358565,0.10109561752988047,0.10258964143426295,2.9783433653414253,0.011137208320113095,0.0005751245655152606,0.007758149769648786,
2026-08-25,15,14364,False,0.7299914794142249,1.5308182744185133,0.9218532442216653,14,0.20812614807190066,0.7868281815650237,0.10185185185185185,0.11131996658312447,1.924583668510119,0.804650515176831,0.08932052353104984,0.10602896129211918,1.9920469886157663,0.8019353940406572,0.10366193260930102,0.09440267335004177,2.050980291639765,0.012653797620049931,0.0002298829514457826,0.0037267956313562778,
2026-08-25,30,10612,False,0.9471788286041062,1.9214120888710025,1.1866024312099508,14,0.20177238501164196,0.7766679231059178,0.10638899359215982,0.11694308330192235,2.3814553235967955,0.8015454202789295,0.08820203543158689,0.1102525442894836,2.4923413425683982,0.80352431209951,0.10139464756879005,0.09508104033169996,2.5721316903829576,0.011738501183739208,0.0002725548553900808,0.00391778670001936,
2026-08-25,60,6018,False,1.176992634404078,2.3069374322891245,1.4562354602858092,14,0.19175664478526389,0.7816550348953141,0.10269192422731804,0.1156530408773679,2.7942839741706846,0.8057494184114323,0.08358258557660352,0.1106679960119641,2.9197964092095696,0.7984380192755068,0.10817547357926222,0.09338650714523097,3.089352575937907,0.014416965935698148,0.00044994981587249304,0.006591612796960021,
2026-08-26,15,14378,False,0.6458791251630568,1.410644471943379,0.8184859971252376,14,0.21088555279922527,0.794686326331896,0.10356099596605926,0.1017526777020448,1.7980416814486184,0.8135345666991236,0.08965085547364028,0.09681457782723606,1.8622308731079102,0.8089442203366254,0.10467380720545277,0.08638197245792183,1.919463937729597,0.0037483361524748276,0.00021321583873839636,0.0040315571555495045,
2026-08-26,30,10610,False,0.780662590818974,1.6662107952435807,0.9768504555450832,14,0.20083715333544705,0.790009425070688,0.10546654099905749,0.10452403393025447,2.153473267952601,0.8134778510838832,0.08727615457115928,0.09924599434495758,2.26367385784785,0.8107445805843544,0.10084825636192271,0.0884071630537229,2.342422333856424,0.006633106699840078,0.00025242357232260114,0.0047229749031021395,
2026-08-26,60,6034,False,0.8661731810837014,1.7943241278330482,1.0858372003093582,14,0.20229922051213,0.800298309579052,0.09794497845541929,0.10175671196552867,2.4671044826507567,0.8248259860788864,0.08037785880013258,0.09479615512098111,2.5871155401070913,0.8233344381836262,0.10125952933377527,0.07540603248259861,2.7554893230088053,0.011052702397452515,0.0004155821736361611,0.00921082466822033,
2026-08-27,15,14298,False,0.7332260758656385,1.5198263029257457,0.9259331141884646,14,0.20812198567034124,0.7886417680794516,0.10064344663589313,0.1107147852846552,1.8640327990055083,0.8054972723457826,0.08847391243530564,0.10602881521891173,1.9272724777460097,0.8036788362008672,0.10155266470835082,0.09476849909078193,1.983486638466517,0.006719032009950906,0.0001892606122544263,0.0036768493118293486,
2026-08-27,30,10555,False,0.9617264717552004,1.9158016379674274,1.1746376125059212,14,0.18125687317001993,0.7844623401231644,0.09711037423022265,0.11842728564661298,2.2940759460131326,0.8090952155376598,0.07844623401231644,0.11245855045002369,2.3973610739534097,0.8062529606821411,0.09199431549028897,0.10175272382756988,2.4693395932515463,0.007151823947260067,0.00020865711667455734,0.004914768243161814,
2026-08-27,60,5954,False,1.237649169624141,2.411154799461365,1.5137736535662303,14,0.18240803920162052,0.7759489418878065,0.08683238159220692,0.13721867651998657,2.6667037278413774,0.7981189116560296,0.07070876721531744,0.131172321128653,2.7710786767303937,0.802149815250252,0.0888478333893181,0.10900235136042996,2.9251145958900455,0.011713117232323133,0.0004301426723328774,0.005017641165548236,
2026-08-28,15,14420,True,0.8757600957283356,1.8172916555404657,1.0840349052242255,14,0.19212924647736285,0.7669902912621359,0.1073509015256588,0.12565880721220526,2.0339200332760807,0.7804438280166436,0.09715672676837725,0.1223994452149792,2.089650344848632,0.7800970873786408,0.10929264909847435,0.11061026352288489,2.1414568652709325,0.07287490083423272,0.0008782326822180397,0.005454321894156598,
2026-08-28,30,10573,True,1.1521710866053716,2.3479223903020223,1.401777325892998,14,0.17806411523215038,0.7646836281093351,0.10640310224155869,0.1289132696491062,2.6044121106465656,0.7854913458810177,0.09041899177149343,0.12408966234748889,2.702687646945318,0.782559349285917,0.10214697815189634,0.1152936725621867,2.774869996805986,0.05851616614355483,0.0012900075370415865,0.003397102760606666,
2026-08-28,60,5892,True,1.3991035809651038,2.980518321792285,1.7183766123557365,14,0.18579921834069812,0.7640868974881195,0.10285132382892057,0.13306177868295996,3.0739589512348173,0.7829260013577732,0.08791581805838425,0.12915818058384249,3.1706155240535736,0.7757976917854719,0.10760353021045485,0.11659877800407333,3.3247920542955396,0.055277216358064346,0.0016933694613645853,0.006136754088723786,
2026-08-29,15,13772,False,0.7181192116936251,1.5952458540598544,0.9276164197889437,14,0.22584465262374775,0.7645222189950625,0.11196630845193145,0.1235114725530061,1.7754901299873986,0.7801336044147545,0.1003485332558815,0.11951786232936393,1.8341443275411926,0.7805692709846065,0.11211153064188208,0.10731919837351148,1.8824469933907189,0.00857406042110258,0.0016802365183253038,0.02481858832052302,
2026-08-29,30,9973,False,0.9215449007283352,2.046769378980002,1.1794929643370433,14,0.218694024812342,0.7519302115712424,0.11120024064975434,0.13686954777900331,2.204186502099037,0.7748922089642033,0.09475584077007922,0.13035195026571744,2.3012024641036986,0.773889501654467,0.10588589190815201,0.12022460643738093,2.369232684373855,0.012159525069788922,0.0017867403277966104,0.014809077739709593,
2026-08-29,60,5335,False,1.1503383937954224,2.5496999168396,1.4283505154639176,14,0.194638583918037,0.7471415182755389,0.09971883786316776,0.15313964386129333,2.635270261764526,0.7647610121836926,0.08884723523898781,0.1463917525773196,2.7403769632180532,0.7748828491096532,0.1021555763823805,0.12296157450796626,2.890616445740064,0.01242887227586458,0.002606025338480189,0.009019208903329553,
2026-08-30,15,13556,False,0.7031643420203374,1.5032057444254556,0.9000682354676897,14,0.21876551764437935,0.7637208616110948,0.1122012393036294,0.12407789908527589,1.6663835883140563,0.7839333136618472,0.09781646503393332,0.11825022130421953,1.7322654366493229,0.7824579521982886,0.11168486279138388,0.10585718501032754,1.7838379400471847,0.004159578755017416,0.0014559759563194507,0.03176853850204556,
2026-08-30,30,9795,False,0.897287857506424,1.9217426876227062,1.1265773353751916,14,0.20352750820466814,0.7498723838693211,0.1141398672792241,0.13598774885145481,2.011784854531288,0.7747830525778459,0.09739663093415007,0.12782031648800407,2.118953992923101,0.7818274629913221,0.10811638591117917,0.11005615109749872,2.202009864648183,0.004748868336011854,0.0017800834875655188,0.019895328786293274,
2026-08-30,60,5215,False,1.0883515452863184,2.1713817747434,1.3217401725790987,14,0.17657678274041666,0.7509108341323106,0.11179290508149568,0.13729626078619367,2.3775857701897616,0.7754554170661553,0.09606903163950144,0.12847555129434324,2.5063234746456144,0.77679769894535,0.11581975071907957,0.10738255033557047,2.6726666847864786,0.004226011297551163,0.0024692604371116477,0.03133744650535829,
2026-08-31,15,14528,False,0.733408564597326,1.5148330258329719,0.9327448146108663,14,0.21370930922484077,0.787169603524229,0.10724118942731277,0.10558920704845814,1.866309146086375,0.8058232378854625,0.09375,0.10042676211453745,1.9335878362258276,0.8023127753303965,0.10724118942731277,0.09044603524229075,1.9849142412344616,0.0056034833285444376,0.00037013236611034485,0.0027622723458062843,
2026-08-31,30,10729,False,0.9005414233660606,1.9067763940493272,1.1311173765806068,14,0.20384794539323814,0.782179140646845,0.11110075496318389,0.10672010438997111,2.281878570715586,0.8051076521577034,0.09329853667629788,0.1015938111659987,2.3937490701675417,0.8038027775188741,0.10699972038400596,0.08919750209711995,2.4815800239642467,0.006308697699482738,0.0005762000235104363,0.004022961717614433,
2026-08-31,60,6034,False,1.0730558524765725,2.183797963162263,1.323201856148492,14,0.18904598909801373,0.7886973815048061,0.10540271793172025,0.10589990056347365,2.6741032719612123,0.816871063970832,0.08286377195889957,0.10026516407026848,2.804439832766851,0.8089161418627776,0.10805435863440503,0.08302949950281736,2.9772928376992542,0.007904419211718628,0.0016932149950295654,0.004183822843778579,
2026-09-01,15,14580,False,0.71632217095647,1.4794363379478455,0.8997622313671696,14,0.2038761508492819,0.7907407407407407,0.10034293552812071,0.10891632373113855,1.8720890680948894,0.8073388203017833,0.08834019204389575,0.10432098765432099,1.93704463938872,0.8070644718792866,0.09801097393689986,0.09492455418381344,1.984218517349412,0.009760706225569946,0.0002813306752470755,0.0031830715881767733,
2026-09-01,30,10789,False,0.9087689055748573,1.9302946345011396,1.1168489510921618,14,0.18630992607713315,0.7845954212623969,0.10195569561590509,0.11344888312169803,2.2888621489206944,0.8073964222819539,0.08415979238112893,0.10844378533691723,2.398938675224781,0.8073037352859394,0.09602372787097971,0.09667253684308091,2.4817900975545246,0.008648464243563662,0.0002124911412055656,0.0038904765460632826,
2026-09-01,60,6069,False,1.1269400932431026,2.3394844690958654,1.3657123633767232,14,0.17483349828016215,0.7831603229527105,0.09342560553633218,0.12341407151095732,2.6528471231460573,0.8075465480309771,0.07513593672763223,0.11731751524139067,2.777119823296865,0.8047454275827979,0.09606195419344209,0.09919261822376009,2.940256463487943,0.009446096544848022,0.000516085601628483,0.00740703327757566,
2026-09-02,15,14592,False,0.6639235741923646,1.3896343447764714,0.8523620248538013,14,0.22107795181719647,0.7980400219298246,0.09710800438596491,0.10485197368421052,1.8186065877477329,0.8164747807017544,0.0834703947368421,0.10005482456140351,1.8827794830004372,0.8156524122807017,0.09361293859649122,0.09073464912280702,1.9279357617100081,0.003928673565025926,0.0003234182832438765,0.0031131255775723827,
2026-09-02,30,10824,False,0.8142059024955687,1.6720347519715628,1.0383130081300813,14,0.21583771356010617,0.7999815225424981,0.09580561714708057,0.10421286031042129,2.1920544122656187,0.8212305986696231,0.07926829268292683,0.09950110864745011,2.3021661003430687,0.8206762749445676,0.0897080561714708,0.08961566888396157,2.3807721892992655,0.0032132773088014497,0.00024002599554452317,0.004599079170119547,
2026-09-02,60,6103,False,0.9268273755951698,2.0218272745609283,1.1907408924572616,14,0.22163807301307092,0.7933803047681468,0.09405210552187449,0.1125675897099787,2.537373733520508,0.8186137964935277,0.07488120596427986,0.10650499754219236,2.656969678401947,0.8141897427494674,0.09716532852695396,0.08864492872357857,2.8163485844930016,0.005554327948188042,0.0005095425335117996,0.00637330285994052,
2026-09-03,15,14621,False,0.6682811304828765,1.4082873026529947,0.8510937464377721,14,0.21479727317942643,0.8030914438136927,0.09458997332603788,0.10231858286026947,1.821826809644699,0.8203269270227754,0.08214212434170029,0.09753094863552425,1.8806305050849907,0.8204637165720539,0.09082826072088092,0.08870802270706518,1.9230466067790983,0.005881612962665967,0.00039343325733111876,0.0029804614069084572,
2026-09-03,30,10849,False,0.8267778576044361,1.7651831897099828,1.0572556610440287,14,0.21799628219724854,0.7938980551202875,0.0996405198635819,0.10646142501613051,2.2264042526483534,0.8190616646695548,0.08065259470918978,0.10028574062125542,2.331356530388197,0.8172181767904876,0.0925430915291732,0.0902387316803392,2.4082298586765924,0.004285666289600972,0.00027472961963676565,0.004744454309011525,
2026-09-03,60,6134,False,0.9567756317395977,2.004643461704254,1.227899141397674,14,0.2208027520480763,0.810890120639061,0.08477339419628302,0.10433648516465602,2.5472995817661284,0.8301271600912944,0.07010107597000326,0.09977176393870231,2.6464622537295024,0.8278447994783176,0.08738180632539941,0.08477339419628302,2.808983381589254,0.004646537430094905,0.0007521391092683053,0.004776110420723283,
2026-09-04,15,14935,False,0.7027630732216767,1.4856050618489587,0.8943382434996093,14,0.2142088540553575,0.7927017073987278,0.09568128557080682,0.11161700703046536,1.8197503795226417,0.8078339471041178,0.08496819551389354,0.10719785738198861,1.8730556815862656,0.8073652494141279,0.093806494810847,0.0988282557750251,1.9140618021289508,0.015516567771492573,0.0008936815176989868,0.0029892233474662347,
2026-09-04,30,11095,False,0.8971696953878814,1.8567027441660564,1.1242511641880726,14,0.20198464189644671,0.790806669671023,0.09292474087426769,0.11626858945470933,2.2470200091600416,0.8130689499774674,0.07742226228030645,0.10950878774222622,2.348156380653381,0.8141505182514647,0.08742676881478144,0.09842271293375394,2.4168352603912355,0.014428140929884193,0.0012538646077615613,0.004145832516664931,
2026-09-04,60,6291,False,1.1028233229295523,2.2145185470581055,1.3720857839241245,14,0.1962431679923755,0.7860435542838976,0.08869814020028613,0.12525830551581624,2.598993015289307,0.8070259100302019,0.07327928787156254,0.11969480209823558,2.6983244101206463,0.8113177555237641,0.09060562708631378,0.09807661738992211,2.850991872946421,0.016060407145473247,0.0027345794063463958,0.0056984902418651204,
2026-09-05,15,14115,False,0.652768894223416,1.3673883565266927,0.8531225646475381,14,0.2348474635727129,0.78788522848034,0.10024796315975912,0.11186680835990082,1.660366141796112,0.8017711654268509,0.09068366985476443,0.1075451647183847,1.7148791233698528,0.804109103790294,0.0973432518597237,0.09854764434998228,1.7526601533095043,0.0008202091824876907,0.0012811156092574095,0.0027929920126632648,
2026-09-05,30,10271,False,0.8398844250610696,1.7892532189687094,1.083979164638302,14,0.2251839772756895,0.7730503358971863,0.10086651737902833,0.12608314672378543,2.0143251746892927,0.797585434719112,0.0826599162691072,0.11975464901178075,2.115421601136526,0.7976827962223737,0.09560899620290138,0.10670820757472495,2.1919509026338346,0.0019635167495962915,0.0011477601111087817,0.0036101086424427027,
2026-09-05,60,5550,False,1.0339362929563867,2.205892322063446,1.2789024024024023,14,0.19154402164375472,0.761981981981982,0.09657657657657658,0.14144144144144144,2.3574310570955275,0.7823423423423423,0.08234234234234235,0.13531531531531532,2.457895646989346,0.7855855855855856,0.09963963963963963,0.11477477477477477,2.603385507812103,0.0043712313829109865,0.0008657774900917124,0.007170122499080127,
2026-09-06,15,13850,False,0.6634205557217485,1.4104457698265713,0.8643176895306859,14,0.23243436556067953,0.7835379061371841,0.10620938628158845,0.11025270758122743,1.6802880714337032,0.7992779783393502,0.09523465703971119,0.10548736462093863,1.7368497893214228,0.7997111913357401,0.10267148014440433,0.09761732851985559,1.7731670359770457,0.003436324772255362,0.001828989914525506,0.004231541340422444,
2026-09-06,30,10015,False,0.8513030356973488,1.83731072584788,1.091184057247462,14,0.21983552633202774,0.7715426859710435,0.11063404892661008,0.11782326510234647,2.0401327192783354,0.7941088367448826,0.09405891163255117,0.11183225162256615,2.1450057506561278,0.7958062905641538,0.10584123814278582,0.0983524712930604,2.2277243733406067,0.005051852649438945,0.002107594536476,0.005727356722900093,
2026-09-06,60,5319,False,1.062285335229704,2.2596628506978353,1.322902174594222,14,0.19700386345230547,0.7610453092686595,0.1018988531678887,0.13705583756345177,2.374743843078613,0.7841699567587892,0.08460236886632826,0.1312276743748825,2.480014942089717,0.787366046249295,0.10340289528106787,0.10923105846963715,2.6398036619027456,0.005548999037137431,0.0026677845346538263,0.022055803194256735,
2026-09-07,15,14271,False,0.648269505466004,1.3892552852630615,0.8474838250064232,14,0.23506563035454897,0.798542498773737,0.10272580758180927,0.09873169364445379,1.8232392032941185,0.8151496040922149,0.09025296054936585,0.09459743535841918,1.8766350348790493,0.8140985214771215,0.09950248756218906,0.08639899096068951,1.912697992225488,0.002994962734174866,0.0002080918202095559,0.008921416865895598,
2026-09-07,30,10751,False,0.8101694015872745,1.7328310807545981,1.048537345363222,14,0.22733376625071466,0.7958329457724863,0.09887452330015813,0.10529253092735559,2.220299990971883,0.8181564505627383,0.08138777788112733,0.10045577155613432,2.3180964310963947,0.8176913775462747,0.09394474932564413,0.08836387312808111,2.4007453545928,0.002982835814423834,0.00016615198826277892,0.006671191767140077,
2026-09-07,60,6145,False,0.9976963851378542,2.094649991989138,1.2484933550311907,14,0.20087969942544948,0.7930024410089503,0.0919446704637917,0.11505288852725794,2.594667495787143,0.8143205858421481,0.0758340113913751,0.10984540276647681,2.7018717130025234,0.8164361269324654,0.09373474369406021,0.08982912937347437,2.8693562507629395,0.004629206897557876,0.00039233044148004553,0.006129171228563691,
2026-09-08,15,14256,False,0.6677359840476061,1.3936267127593358,0.8510966142910588,14,0.21544044138418672,0.7993827160493827,0.10255331088664423,0.09806397306397306,1.849684293071429,0.8135521885521886,0.09182098765432099,0.09462682379349047,1.8990686098734535,0.811938832772166,0.09939674523007856,0.08866442199775533,1.930185092861454,0.0023062415170716716,0.00015447199621528544,0.008654121878610506,
2026-09-08,30,10735,False,0.8414424412482628,1.759054794162512,1.0552996429125912,14,0.20265069082567844,0.7929203539823009,0.10116441546343735,0.10591523055426176,2.249794276555379,0.8141592920353983,0.0847694457382394,0.10107126222636237,2.340780480702718,0.8114578481602236,0.09809035863996274,0.0904517931998137,2.418586152791977,0.002354279815769786,0.00011640470734529646,0.007149290262139754,
2026-09-08,60,6130,False,1.00593370888078,1.9708793167273209,1.2638227297444262,14,0.204054741851175,0.8030995106035889,0.09396411092985318,0.10293637846655791,2.611081136266391,0.8246329526916802,0.07748776508972267,0.09787928221859707,2.7125906566778824,0.8197389885807504,0.09836867862969005,0.08189233278955954,2.87086974978447,0.0027480413862409733,0.00025811199362543984,0.006935008270360028,
2026-09-09,15,14106,False,0.7146079777162729,1.5016412044564882,0.9172881516139704,14,0.220955839820978,0.7996597192683964,0.09173401389479655,0.10860626683680703,1.9137022222081819,0.8105770594073444,0.08443215652913653,0.10499078406351907,1.9592013200124105,0.8104352757691763,0.09010350205586275,0.099461222174961,1.9869011419514815,0.01819986809090683,0.000251420997582122,0.006495389470514957,
2026-09-09,30,10600,False,0.910170175906545,1.8845142251253133,1.1406981132075473,14,0.20209373070038406,0.7963207547169812,0.09226415094339623,0.11141509433962264,2.356887234995762,0.8135849056603773,0.07962264150943396,0.10679245283018868,2.441539976745844,0.8141509433962264,0.09018867924528302,0.09566037735849056,2.5187532640993595,0.018999724258308218,0.0002480923448562613,0.006181493633586667,
2026-09-09,60,6064,False,1.0820604726025154,2.2010799472530684,1.3465671723834651,14,0.1964303788222943,0.799802110817942,0.0887203166226913,0.11147757255936676,2.785925406217575,0.8157981530343008,0.0758575197889182,0.108344327176781,2.8789618452390036,0.816457783641161,0.09218337730870713,0.09135883905013192,3.0298288737734156,0.021937779937721058,0.0004048339728929637,0.007293484196917938,
2026-09-10,15,14109,False,0.6630964391596369,1.401847747564317,0.8485298981737425,14,0.2185349737389416,0.7944574385144234,0.10340917145084698,0.1021333900347296,1.8453402161598202,0.8074278829116167,0.09447870153802537,0.09809341555035793,1.8912428845961893,0.8048763200793819,0.10156637607201077,0.09355730384860728,1.9217793305714925,0.003909126232873975,0.00014719874835878062,0.008292456738778833,
2026-09-10,30,10590,False,0.8258933636783454,1.704812044600646,1.0482947749449165,14,0.21215541332661636,0.8001888574126534,0.10028328611898017,0.09952785646836639,2.2518738870819406,0.8197355996222851,0.0862134088762984,0.09405099150141644,2.3386745542287826,0.8178470254957507,0.09896128423040604,0.08319169027384325,2.4176399966080986,0.0034585714230283672,0.00023298025568552316,0.007808749239829679,
2026-09-10,60,5959,False,1.0115886397962535,2.004253647327423,1.2809741567377075,14,0.21029738619201,0.8066789729820439,0.0891089108910891,0.10421211612686693,2.631744456291199,0.822621245175365,0.07786541366001007,0.09951334116462494,2.727554509043693,0.8232924987413995,0.09363987246182245,0.08306762879677798,2.8861641784509025,0.0076479086821213205,0.0013619173660004186,0.007844217722227228,
2026-09-11,15,14389,False,0.7513747776535917,1.542179595629376,0.9520791345240578,14,0.21080638110066108,0.784696643269164,0.10577524497880325,0.10952811175203281,1.890123929580053,0.7955382583918271,0.09792202376815623,0.10653971784001667,1.9320199449857078,0.7945652929321009,0.10501077211758983,0.10042393495030927,1.9621495087941483,0.01928107496593922,0.001922870118040679,0.006762417517212018,
2026-09-11,30,10849,False,0.9850783052928523,1.9412636709213258,1.2247803176944112,14,0.19571020936455452,0.7789658032998433,0.10590837865241036,0.11512581804774634,2.341956535975138,0.7994285187574892,0.09060742925615264,0.10996405198635818,2.4189213355382284,0.7963867637570283,0.10295879804590286,0.10065443819706886,2.488541903098424,0.022815895565054103,0.002061737252247289,0.006014022845290743,
2026-09-11,60,6180,False,1.2456909225931612,2.3282968290646875,1.5536717907227615,14,0.19822775309985452,0.781715210355987,0.09676375404530745,0.1215210355987055,2.7220331708590195,0.7982200647249191,0.08300970873786408,0.11877022653721683,2.803351064523061,0.7967637540453074,0.10242718446601942,0.10080906148867314,2.950385199487209,0.025207498486872662,0.0032733547233524786,0.0047087366316219135,
2026-09-12,15,13846,False,0.6218231887711778,1.2902901709079746,0.818096080697193,14,0.23991423080617702,0.7973421926910299,0.10429004766719631,0.0983677596417738,1.6596852928400039,0.80788675429727,0.09677885309836776,0.09533439260436227,1.6989629526933037,0.8090423226924743,0.10212335692618807,0.08883432038133757,1.7242158527175584,0.0017359508358908958,0.002067765237435391,0.009110133937255484,
2026-09-12,30,10244,False,0.7895282746383537,1.6404685870806377,1.0235666406351684,14,0.2286498569859443,0.7900234283483014,0.10044904334244435,0.10952752830925419,2.025884470840295,0.8076923076923077,0.08736821554080437,0.10493947676688793,2.101897185544173,0.8085708707536119,0.09810620851229988,0.09332292073408825,2.166535939772924,0.003288805478637662,0.0022691944771923763,0.009277428946682887,
2026-09-12,60,5665,False,1.0023270617543927,2.242723430792491,1.2755854663136217,14,0.21422194888197665,0.7819947043248014,0.09196822594880848,0.12603706972639012,2.3809155315160746,0.7985878199470432,0.07978817299205648,0.12162400706090026,2.4610387702782948,0.7977052074139452,0.09567519858781995,0.10661959399823477,2.5917547702789303,0.002756185763830529,0.0038761169449119653,0.012604996326728875,
2026-09-13,15,13556,False,0.5865755605562359,1.2717651724815369,0.7714093390380643,14,0.2396053160470072,0.795441133077604,0.09508704632634996,0.10947182059604603,1.603213833272457,0.8045146060784892,0.08889052817940396,0.10659486574210682,1.6340543647607166,0.8060637356152257,0.09316907642372381,0.10076718796105046,1.6513118421037993,0.009611980764585594,0.0013602171195641335,0.008508687077011762,
2026-09-13,30,10028,False,0.7286818205240128,1.5818531552950543,0.9498321366839515,14,0.23283094729982234,0.7904866374152373,0.096031112883925,0.11348224970083766,1.9189698869983354,0.8046469884323894,0.08556043079377743,0.10979258077383326,1.984287155171235,0.806441962504986,0.09413641802951735,0.09942161946549662,2.0409063975016277,0.008435319280096928,0.0014823030337299734,0.011142361797725726,
2026-09-13,60,5562,False,0.8588323496533329,1.9238605145613366,1.1591393982979743,14,0.25907759591779744,0.8015102481121898,0.08198489751887811,0.11650485436893204,2.2368860721588133,0.8131966918374686,0.0744336569579288,0.11236965120460266,2.3045855152110253,0.8151743976986695,0.08594030924128011,0.09888529306005034,2.4266345381736762,0.015239398563306177,0.001045986305459113,0.025217601428261016,
2026-09-14,15,14155,False,0.7276117944333913,1.4866314792633057,0.9210803014247027,14,0.21004521179321645,0.7903214411868598,0.10074178735429178,0.10893677145884846,1.8907197674115501,0.7957612151183328,0.0969975273754857,0.10724125750618156,1.9109343975782398,0.7962557400211939,0.10024726245143059,0.10349699752737548,1.9292882591485976,0.019672194420656826,0.00014576699078348385,0.008180015404100415,
2026-09-14,30,10641,False,0.9172485776980817,1.86881308555603,1.161328039344673,14,0.2101727103603932,0.7866741847570717,0.09970867399680482,0.11361714124612349,2.3335668245951333,0.7983272248848793,0.0908749177708862,0.11079785734423457,2.383762351671855,0.7991730100554459,0.09848698430598628,0.10234000563856781,2.4346588571866357,0.0208302912394346,0.0001015566269238072,0.009390497206859172,
2026-09-14,60,6045,False,1.1443199444954901,2.3741182390848814,1.4306231044940723,14,0.2001247981381028,0.7875930521091812,0.09181141439205956,0.1205955334987593,2.69682477315267,0.7970223325062035,0.08420181968569065,0.11877584780810588,2.744519321123759,0.7953680727874276,0.09975186104218363,0.10488006617038875,2.8674106935660038,0.014912482220454014,0.00022142446483819963,0.009298607657986853,
2026-09-15,15,14187,False,0.7163940509582475,1.5171424214045206,0.9037270035948403,14,0.20728931623313318,0.7900190315077184,0.10558962430394023,0.10439134418834144,1.874087834358215,0.7957989708888419,0.10100796503841546,0.10319306407274265,1.8962799683213234,0.7952350743638542,0.10551913723831677,0.099245788397829,1.9155071643491586,0.013500267915345773,0.0002607857850843294,0.007832424956943756,
2026-09-15,30,10668,False,0.8918863934653958,1.8687429873148609,1.113590488688914,14,0.1990894296201664,0.7938695163104612,0.1010498687664042,0.10508061492313461,2.3016898065805433,0.8051181102362205,0.09289463817022872,0.1019872515935508,2.349435852964719,0.8058680164979377,0.10114360704911886,0.09298837645294339,2.403147564580043,0.013122814358076183,0.00025784526048031113,0.006870111352828358,
2026-09-15,60,6048,False,1.1540203294879252,2.3179103530446694,1.4057153880070545,14,0.17905122236441373,0.796792328042328,0.09193121693121693,0.11127645502645503,2.6814455509185793,0.8037367724867724,0.0873015873015873,0.10896164021164022,2.7320725381374364,0.8019179894179894,0.09970238095238096,0.09837962962962964,2.864197881023089,0.011109193999230799,0.0005133485816164842,0.005620262319969632,
2026-09-16,15,14220,False,0.6582187932364605,1.397867335478464,0.8438953352086264,14,0.2200231879777641,0.8075949367088607,0.09149085794655415,0.10091420534458509,1.8238425130645435,0.8143459915611815,0.08635724331926864,0.09929676511954993,1.8483003412683807,0.8132911392405063,0.09135021097046414,0.09535864978902954,1.8644672115643819,0.005197147527481958,0.00023913479836750357,0.00887486056423106,
2026-09-16,30,10712,False,0.8180305307314102,1.759470914999644,1.0504683221309434,14,0.22127063377600764,0.8022778192681105,0.09475354742345034,0.10296863330843914,2.238569027682145,0.8129200896191188,0.08653846153846154,0.10054144884241972,2.2824516110122204,0.8122666168782674,0.09568707991038088,0.09204630321135175,2.3335875709851583,0.007916390970035402,0.00017930781524379543,0.007839385502509632,
2026-09-16,60,6128,False,1.0202352258194105,2.158515377442043,1.3144201479547433,14,0.22381346070591568,0.8056462140992167,0.08142950391644908,0.1129242819843342,2.610223861597478,0.8141318537859008,0.07473890339425587,0.11112924281984334,2.653585062424342,0.8133159268929504,0.08860966057441254,0.09807441253263707,2.7851194428900876,0.011739961440583209,0.0004238610337066406,0.0064915588148225815,
2026-09-17,15,13984,False,0.7081662885101996,1.4578482401371005,0.9077856836384438,14,0.21989705139230786,0.7950514874141876,0.1040474828375286,0.10090102974828376,1.7884553397695224,0.8004147597254004,0.10011441647597254,0.099470823798627,1.8078874270121261,0.7999141876430206,0.10419050343249428,0.09589530892448513,1.8223539481560391,0.003801628241177588,0.0010953271670599894,0.006582107494882054,
2026-09-17,30,10428,False,0.9061580275095868,1.8552916538715374,1.1590909090909092,14,0.2182166037172193,0.7870157268891446,0.10654008438818566,0.10644418872266974,2.182563698788484,0.7983314154200231,0.09752589182968929,0.10414269275028769,2.223563136657079,0.7965093977752206,0.10682777138473341,0.09666283084004602,2.2754109660784403,0.005005311981996791,0.0023185766631405253,0.0054850606226044185,
2026-09-17,60,5810,False,1.138898338809322,2.268454511960348,1.4514529546758463,14,0.2153391295664332,0.7910499139414802,0.09759036144578313,0.11135972461273666,2.526150514185429,0.8013769363166954,0.0891566265060241,0.10946643717728055,2.5693313082059226,0.7925989672977625,0.10895008605851979,0.09845094664371773,2.7019853785634043,0.010834946212682522,0.007530302729765374,0.004379299150958952,
2026-09-18,15,14428,False,0.6997349092806944,1.4141936870416016,0.8915367110248591,14,0.2151361793320664,0.7911699473246465,0.10257831993346271,0.10625173274189077,1.78671948860089,0.7977543665095648,0.09758802328805101,0.10465761020238425,1.8099166144927346,0.7963681729969504,0.1014000554477405,0.10223177155530912,1.824364580710729,0.0077948179266110855,0.0006589755073706232,0.007889465830005037,
2026-09-18,30,10847,False,0.9112603230034332,1.7380025863647457,1.136262714729111,14,0.198019691052979,0.7878676131649304,0.098368212408961,0.1137641744261086,2.197684625784556,0.8000368765557297,0.08887249930856458,0.11109062413570572,2.242298132305344,0.7994837282197843,0.0980916382409883,0.10242463353922744,2.2910360683997473,0.010470929991136768,0.0005339727153115416,0.006079287053091581,
2026-09-18,60,6134,False,1.1612778053953372,2.14254394326359,1.4350084229975004,14,0.19075192397155705,0.7895337463319204,0.08689272905119008,0.12357352461688947,2.5366900682449343,0.8002934463645256,0.07955656993805021,0.12014998369742419,2.586823127170404,0.802901858493642,0.09602217150309748,0.10107597000326052,2.7258614659309384,0.014559835876401559,0.00044275094651587675,0.007052010559835501,
2026-09-19,15,13177,True,0.6324272942466359,1.3600964879989623,0.8219536566239155,14,0.23058035066811233,0.7862184108674205,0.10563861273430979,0.10814297639826971,1.7053400039672848,0.7928967139713137,0.10100933444638385,0.1060939515823025,1.729568672180175,0.7935797222433028,0.10442437580632921,0.10199590195036806,1.7433966130018232,0.0009987813842269318,0.0013995302418940406,0.005709958112470313,
2026-09-19,30,9562,True,0.78106131522201,1.6871995854377744,1.0400108066652722,14,0.24898730838534944,0.7907341560343024,0.10018824513700063,0.10907759882869693,2.0775728027025857,0.8027609286760092,0.0917172139719724,0.10552185735201841,2.1223572279016176,0.8019242836226731,0.10060656766366868,0.09746914871365824,2.1690115417043367,0.004449610447547513,0.0010842234471577991,0.008181063235525362,
2026-09-19,60,4816,True,0.995035381658004,2.1926981091499327,1.2872733250276855,14,0.22702089578636797,0.7682724252491694,0.10195182724252491,0.12977574750830564,2.433294796943664,0.7807308970099668,0.09302325581395349,0.12624584717607973,2.480884724855423,0.78093853820598,0.11088039867109635,0.10818106312292358,2.6121456305185955,0.012011124791358869,0.0021797102134750246,0.00980547871611532,
2026-09-20,15,13187,False,0.5980433747614283,1.230998254219691,0.7701619018730568,14,0.22348356455055884,0.7848638810950178,0.10601349814210966,0.10912262076287253,1.5677175164222716,0.7933570941078335,0.0999469174186699,0.10669598847349662,1.592800092697143,0.7928262682945325,0.10358686585273376,0.10358686585273376,1.6040940046310423,0.013617150823602084,0.00122642579680316,0.011443040164723917,
2026-09-20,30,9617,False,0.7309442206894375,1.5280448977152503,0.956848982704239,14,0.2360923887658335,0.7896433399188936,0.09878340438806281,0.11157325569304356,1.8699632088343299,0.8008734532598524,0.09067276697514817,0.10845377976499948,1.9096129953861238,0.8034730165332225,0.09659977123843194,0.09992721222834564,1.9515120108922321,0.008924077821673886,0.0012942792512633725,0.005187514516154427,
2026-09-20,60,4852,False,0.9170631073952409,1.9822144655386607,1.2077219016213245,14,0.24066698950800214,0.7823577906018137,0.09171475680131905,0.12592745259686727,2.199783819913864,0.7930750206100577,0.08408903544929926,0.12283594394064304,2.244037718077501,0.7922506183017313,0.10098928276999175,0.106760098928277,2.3732872297366456,0.005592703409961172,0.0021518549751409284,0.011080555181559792,
2026-09-21,15,14146,False,0.739255297179016,1.5863519414017597,0.9339524718412744,14,0.20846582725822826,0.7795843347942881,0.10518874593524671,0.11522691927046515,1.8697954739133518,0.7845327301003817,0.10137141241340308,0.11409585748621519,1.891109442710877,0.7848154955464443,0.10455252368160611,0.11063198077194966,1.9006565690040589,0.008447632122255534,0.0003039839844633618,0.00797206707217027,
2026-09-21,30,10632,False,0.9448679796876438,2.007511960665384,1.1820690682217205,14,0.2006660142887564,0.7714446952595937,0.10421369450714824,0.12434161023325808,2.245992577075958,0.7797215951843491,0.09791196388261851,0.12236644093303235,2.281344705820084,0.7795334838224228,0.10609480812641084,0.1143717080511663,2.323155684272449,0.01047107171006846,0.00039255604467457997,0.0065521608010143334,
2026-09-21,60,6074,False,1.164057632467035,2.488007173935572,1.4449182307101307,14,0.1943781954395175,0.7678630227197892,0.09664142245637142,0.13549555482383932,2.6118522673845286,0.7760948304247612,0.09087915706289101,0.13302601251234772,2.65049295425415,0.7810339150477444,0.10437932169904511,0.1145867632532104,2.7748862564563757,0.014126859972205332,0.001442017706217315,0.007460734638017141,
2026-09-22,15,14144,False,0.6624223891871637,1.4256003292401631,0.8491403893288083,14,0.21989061230408957,0.7999858597285068,0.09375,0.10626414027149321,1.8043322960535686,0.8070559954751131,0.08880090497737557,0.10414309954751132,1.8304281264543534,0.8067024886877828,0.09212386877828055,0.10117364253393665,1.8466999133427935,0.0030381720419294534,0.00036965224207957594,0.010084059241931847,
2026-09-22,30,10616,False,0.8203216227835792,1.7162298560142517,1.0449321778447627,14,0.21495228094559837,0.79879427279578,0.09438583270535042,0.10681989449886962,2.186099453270435,0.8077430293896006,0.08779201205727204,0.10446495855312736,2.2270163471500077,0.8088733986435569,0.09419743782969103,0.09692916352675207,2.2725350378702083,0.004082792008954622,0.00030778098613940577,0.007910628312263837,
2026-09-22,60,6040,False,1.0278383083077303,2.074235903422038,1.2730063465783665,14,0.1925898004590535,0.7938741721854304,0.08311258278145696,0.12301324503311259,2.5534906715154646,0.8,0.07897350993377483,0.12102649006622516,2.6018911361694337,0.8049668874172186,0.09172185430463577,0.10331125827814569,2.7344065030415856,0.010855398676849936,0.0007870270739200942,0.009185701910361341,
2026-09-23,15,14082,False,0.7182112192418451,1.5224704861640928,0.8936023528854803,14,0.19627425227483986,0.7862519528476068,0.10587984661269706,0.10786820053969606,1.8605639884869258,0.7938503053543531,0.09998579747195001,0.10616389717369691,1.8888114914298055,0.794134355915353,0.10424655588694788,0.10161908819769919,1.9047760943571728,0.009343163548206647,0.0003241462279505659,0.00740245147353249,
2026-09-23,30,10556,False,0.8734113958638677,1.8451145380735399,1.110020367563471,14,0.21315732450834868,0.787324744221296,0.1037324744221296,0.10894278135657447,2.2585032388567923,0.7953770367563471,0.09738537324744222,0.10723758999621069,2.297024615605672,0.7958507010231148,0.1037324744221296,0.10041682455475559,2.3422917520006497,0.012503411714960989,0.00033848260352483,0.006657177264699723,
2026-09-23,60,6012,False,1.0672849148420134,2.2697114221254995,1.3465416389443334,14,0.20738810893456872,0.7826014637391883,0.10395874916833,0.1134397870924817,2.649745824933052,0.791084497671324,0.09697272122421823,0.11194278110445775,2.702592917283376,0.7907518296739854,0.11377245508982035,0.09547571523619428,2.8464421312014263,0.020736643481038115,0.0009629010886527791,0.008364207902099215,
2026-09-24,15,14179,False,0.6383825631783537,1.3696809418996176,0.8238057455861956,14,0.2250811959024397,0.7941321672896537,0.10155864306368573,0.10430918964666056,1.764324720700582,0.8026659143804218,0.09598702306227519,0.10134706255730305,1.7950125694274903,0.803159602228648,0.0997954721771634,0.09704492559418859,1.8110997418562573,0.0030570273596571963,0.00034737103285370984,0.0091172593125353,
2026-09-24,30,10651,False,0.7685161204984134,1.6480235576629638,0.9825415453947985,14,0.21782837163428725,0.7977654680311708,0.0983006290489156,0.10393390291991363,2.130176308751106,0.8090320157731669,0.08956905454886865,0.10139892967796452,2.1716408252716066,0.8077175852032673,0.09792507745751573,0.09435733733921697,2.2158390899499256,0.0031466924693205533,0.0003713804463160676,0.008045283837526616,
2026-09-24,60,6067,False,0.9074195750157417,1.9126542456944784,1.127267732542168,14,0.19502745548356448,0.8074831053238833,0.08884127245755728,0.10367562221855942,2.495423489809036,0.8206691940003297,0.07845722762485578,0.10087357837481457,2.554312721888225,0.8205043678918741,0.09576396901269162,0.08373166309543431,2.691039745012919,0.003685476963468325,0.0010054336486151338,0.008734079074209842,
2026-09-25,15,14543,False,0.6758864722034239,1.4326493024826057,0.8733869673840795,14,0.22613171773354734,0.7825758096678814,0.11283779137729492,0.10458639895482362,1.8055229425430297,0.7919273877466823,0.10561782300763253,0.10245478924568521,1.8352330247561133,0.7915148181255587,0.11043113525407412,0.09805404662036718,1.8520201802253724,0.01206026161364233,0.0013940411408139958,0.00754718243399071,
2026-09-25,30,10954,False,0.8362249150788574,1.7608988462854178,1.0813287383604162,14,0.22666911049936744,0.7913091108270951,0.10918385977725031,0.09950702939565456,2.246678481499354,0.8009859412086909,0.10105897389081614,0.09795508490049297,2.286769005656242,0.8007120686507212,0.10909256892459375,0.09019536242468505,2.333570967614651,0.015782885229175356,0.0017616392447780292,0.005523594065738224,
2026-09-25,60,6251,False,1.0324959675499052,2.0938475688298546,1.3260305017863807,14,0.22136333503719274,0.7973124300111982,0.10062390017597185,0.10206366981282995,2.641945445537567,0.8123500239961606,0.08846584546472565,0.09918413053911374,2.697111511230469,0.8053111502159654,0.1079827227643577,0.08670612701967685,2.837367673714956,0.018941647902198253,0.0035340819042294375,0.005861218646798878,
2026-09-26,15,14086,True,0.6864578302191984,1.4993281563123069,0.8629431113635287,14,0.20451554548650086,0.7702683515547352,0.11152917790714184,0.11820247053812295,1.703947478532791,0.7775805764588953,0.10620474229731648,0.11621468124378816,1.7347738116979603,0.778290501206872,0.10961238108760471,0.11209711770552322,1.7485810746749242,0.001072725502016163,0.001643843720570647,0.0053179591989703096,
2026-09-26,30,10474,True,0.841834708796743,1.8489174368108316,1.0818399528992424,14,0.2218491223764707,0.7644643880084018,0.10769524536948635,0.1278403666221119,2.0754044751326237,0.7745846858888676,0.10072560626312775,0.12468970784800458,2.1147681360443427,0.7755394309719305,0.10712239831964865,0.11733817070842086,2.1545802990595497,0.0004921987296867893,0.0016301360184948332,0.004710909807172789,
2026-09-26,60,5567,True,1.0230605869189842,2.2362579168379306,1.3117328303694389,14,0.22006938971646572,0.7707921681336447,0.09197054068618646,0.13723729118016886,2.4984994649887087,0.7803125561343632,0.08514460211963355,0.13454284174600323,2.545173013210297,0.7846236752290282,0.09861684929046165,0.11675947548051015,2.6771898527940112,0.0010485940994059769,0.0017912769270693283,0.013590631230940115,
2026-09-27,15,13939,False,0.6490624131848246,1.4124991623560588,0.8192074993423728,14,0.20769473704053476,0.7692086950283378,0.11098357127484038,0.11980773369682186,1.6261877655982968,0.7810459860822153,0.1033072673792955,0.11564674653848914,1.6661540865898132,0.7827677738718702,0.10753999569553052,0.10969223043259918,1.6878338366746903,0.015811394222513153,0.0012262307363303854,0.008098518588312998,
2026-09-27,30,10363,False,0.8029635244998617,1.7204057550430327,1.0161946347582744,14,0.20983294239605454,0.7642574544050951,0.11521760108076812,0.12052494451413684,1.9460510710875192,0.7776705587185178,0.10489240567403262,0.11743703560744959,1.997958779335022,0.7769950786451799,0.11396313808742642,0.10904178326739361,2.0433969179789226,0.013261414497763486,0.0015482267612992782,0.009846755470536192,
2026-09-27,60,5556,False,1.0625734582304873,2.300251487890879,1.3179700623950084,14,0.19378027730039304,0.7588192944564435,0.09683225341972643,0.1443484521238301,2.371814986566703,0.7703383729301656,0.08909287257019438,0.14056875449964004,2.4274694224198656,0.7742980561555075,0.103491720662347,0.12221022318214543,2.5683540165424343,0.005171740414076858,0.0014649612158109684,0.026237538735854642,
2026-09-28,15,14110,False,0.6553479588956835,1.3976057417194072,0.8611321757618711,14,0.2389693738758788,0.7944720056697377,0.09922041105598867,0.10630758327427356,1.7981840424239635,0.8068745570517364,0.09000708717221828,0.10311835577604536,1.8431542128324505,0.8063784549964564,0.09454287739192062,0.09907866761162296,1.8644238869349166,0.0023002769174866908,0.00024136208207510118,0.007179136060574753,
2026-09-28,30,10638,False,0.8290228734763382,1.7676330157121032,1.0951729648430155,14,0.24302105686550424,0.7819138935890205,0.10302688475277308,0.11505922165820642,2.1988704899946847,0.7927241962774958,0.09560067681895093,0.1116751269035533,2.2551688412825266,0.7955442752397067,0.10095882684715173,0.10349689791314157,2.3011316508054733,0.004137703082082984,0.0001844732039088871,0.006549197117660235,
2026-09-28,60,6197,False,0.9870914416796863,1.9754240322113048,1.2923887902748643,14,0.2362271716472003,0.7995804421494271,0.09165725350976278,0.10876230434081006,2.542719268798828,0.81184444085848,0.08245925447797321,0.10569630466354688,2.6115286906560264,0.8089398095852832,0.10037114732935291,0.09068904308536388,2.761402034759522,0.0053510898451531895,0.00020378712567665577,0.008580108275713458,
2026-09-29,15,14252,False,0.6429678929061576,1.3713262669245403,0.838687552624193,14,0.23336421186369427,0.7951866404715128,0.10405557114790906,0.10075778838057817,1.7616978796819847,0.807535784451305,0.09486387875385911,0.09760033679483582,1.8041347016890845,0.8069744597249509,0.0998456357002526,0.09317990457479652,1.8253803645571072,0.0009529040811442832,0.00016714258084914816,0.009627568289531057,
2026-09-29,30,10771,False,0.7966403720653877,1.713379232088725,1.032265651595333,14,0.22826031183522777,0.8004827778293566,0.09562714696871229,0.10389007520193111,2.151307228207588,0.81236653978275,0.087735586296537,0.09989787392071303,2.210928436120351,0.813944851917185,0.09321325782192925,0.09284189026088571,2.2563120047251384,0.0017320914610530324,0.0001412975295888961,0.007388655263830425,
2026-09-29,60,6167,False,0.9697202574757838,2.055838826298715,1.2199016269390843,14,0.20508323289234642,0.8036322360953462,0.08204961893951679,0.11431814496513702,2.4924487908681243,0.8185503486298038,0.07134749473001459,0.11010215664018161,2.556945900122325,0.8187125020269175,0.08869790822117724,0.0925895897519053,2.703315822283427,0.004469922208065505,0.00021951649023405192,0.007811709763090148,
2026-09-30,15,14237,False,0.6778339165542329,1.492074790795644,0.8710150780829294,14,0.22178853890093486,0.7872445037578142,0.10311161059211912,0.10964388565006673,1.8147720654805504,0.8000280958067009,0.09412095244784716,0.10585095174545199,1.856118126710256,0.7993959401559317,0.09882700007023952,0.10177705977382875,1.8740229159593582,0.004670651565241947,0.0002818790706628876,0.008463864933513743,
2026-09-30,30,10725,False,0.8482907914287632,1.8402697213490813,1.0880202020202019,14,0.2203354405978093,0.783962703962704,0.10153846153846154,0.1144988344988345,2.2030767679214476,0.7958974358974359,0.09277389277389278,0.11132867132867133,2.261804715792338,0.7954312354312354,0.10004662004662004,0.10452214452214452,2.303918858369191,0.006426650478206234,0.00027641440934435903,0.007065150712482846,
2026-09-30,60,6122,False,0.9869632589422046,2.111660380363465,1.2708047479037352,14,0.22335570387956394,0.7907546553413917,0.09768049656974845,0.11156484808885984,2.5676741123199465,0.8033322443645867,0.08771643253838615,0.10895132309702711,2.6279313812653218,0.8000653381247959,0.1056844168572362,0.09425024501796798,2.7679091533025106,0.00862018205138583,0.0003678438701263983,0.006059555437412041,
